Workbook

Sheet Anleitung
B2: VERSION 07.08.2026: 4 Mieter + Spalte Zuordnung (Einzelumlagen)
B3: Dateiiname: Nebenkostenabrechnung_Gewerbe_4_Mieter_Einzelumlage.xlsx
B4: Blätter: Anleitung | Uebersicht | Objekt | Mieter (4) | Vertrags-Matrix | Kostenarten | Abr_Mieter1–4
B5: 1. Objekt
B6: Im Blatt „Objekt“ Adresse, Abrechnungsjahr und USt-Option eintragen.
B8: 2. Mieter
B9: Die 4 gewerblichen Mieter mit Einheit, m², Vorauszahlung und Vertragsdaten pflegen. Flächenanteil wird automatisch berechnet.
B11: 3. Vertrags-Matrix
B12: Umlagefähigkeit laut Mietverträgen prüfen. Weichen Verträge ab, in der Spalte je Mieter vermerken.
B14: 4. Kostenarten
B15: Objekt-Jahreskosten netto erfassen. Bei Verbrauch: Anteile der 4 Mieter manuell setzen (müssen i. d. R. 100 % ergeben).
B17: 5. Abrechnungen
... B30: Lila = Einzelumlage / Zuordnung nur ein Mieter

Sheet Uebersicht
B1: VERSION mit Einzelumlagen – Zuordnung Alle/M1–M4
B2: Übersicht – Objekt mit 4 gewerblichen Mietern
B3: =Objekt!C5&" · "&TEXT(Objekt!C7,"DD.MM.YYYY")&" – "&TEXT(Objekt!C8,"DD.MM.YYYY")
B5: Nr | C5: Mieter | D5: Einheit | E5: m² | F5: Anteil | G5: VZ brutto € | H5: NK brutto € | I5: Saldo € | J5: Abrechnung
B6: 1 | C6: =Mieter!C6 | D6: =Mieter!D6 | E6: =Mieter!E6 | F6: =Mieter!F6 | G6: =Mieter!J6 | H6: ='Abr_Mieter1'!C51 | I6: ='Abr_Mieter1'!C53 | J6: Abr_Mieter1
B7: 2 | C7: =Mieter!C7 | D7: =Mieter!D7 | E7: =Mieter!E7 | F7: =Mieter!F7 | G7: =Mieter!J7 | H7: ='Abr_Mieter2'!C51 | I7: ='Abr_Mieter2'!C53 | J7: Abr_Mieter2
B8: 3 | C8: =Mieter!C8 | D8: =Mieter!D8 | E8: =Mieter!E8 | F8: =Mieter!F8 | G8: =Mieter!J8 | H8: ='Abr_Mieter3'!C51 | I8: ='Abr_Mieter3'!C53 | J8: Abr_Mieter3
B9: 4 | C9: =Mieter!C9 | D9: =Mieter!D9 | E9: =Mieter!E9 | F9: =Mieter!F9 | G9: =Mieter!J9 | H9: ='Abr_Mieter4'!C51 | I9: ='Abr_Mieter4'!C53 | J9: Abr_Mieter4
C10: SUMME | E10: =SUM(E6:E9) | F10: =SUM(F6:F9) | G10: =SUM(G6:G9) | H10: =SUM(H6:H9) | I10: =SUM(I6:I9)
B12: Checkliste vor Versand
B13: ☐ | C13: Alle 4 Mietverträge auf Umlagefähigkeit geprüft (Vertrags-Matrix M1–M4)
B14: ☐ | C14: Flächenanteile Summe = 100 %
B15: ☐ | C15: Verbrauchsanteile je Kostenart plausibel / Summe ≈ 100 %
B16: ☐ | C16: USt-Option korrekt, Nettoerfassung, Vorauszahlungen brutto
B17: ☐ | C17: Je Mieter Abrechnungsblatt geprüft und Versand dokumentiert
B18: ☐ | C18: Einzelrechnungen: Zuordnung M1–M4 gesetzt und in Abr_MieterX enthalten
B19: Arbeitshilfe, keine Rechts-/Steuerberatung.

Sheet Objekt
B2: Objekt-Stammdaten
B3: Gemeinsam für alle 4 gewerblichen Mieter
B5: Objekt / Adresse | C5: Musterstraße 1, 80331 München
B6: Objektbezeichnung | C6: Gewerbeobjekt Musterhof
B7: Abrechnungszeitraum von | C7: 45658
B8: Abrechnungszeitraum bis | C8: 46022
B9: USt-Option Vermietung | C9: Ja
B10: USt-Satz | C10: 0.19
B11: Anzahl Mieter | C11: =COUNTA(Mieter!C6:C9)
B12: Gesamtfläche Abrechnungseinheit m² | C12: =SUM(Mieter!E6:E9)
B14: Hinweis: Gesamtfläche = Summe der Mieterflächen (Blatt Mieter). Leerstand separat behandeln.

Sheet Mieter
B2: Mieterübersicht – 4 gewerbliche Mieter
B3: Gelbe Felder pflegen. Flächenanteil und Vorauszahlungen werden berechnet.
B5: Nr | C5: Mieter / Firma | D5: Einheit | E5: Fläche m² | F5: Anteil % | G5: NK/Monat netto € | H5: Monate | I5: VZ Zeitraum netto € | J5: VZ brutto € | K5: Vertragsbeginn
B6: 1 | C6: Mieter 1 – Alpha Handel GmbH | D6: EG links / Laden | E6: 180 | F6: =IF(Objekt!$C$12=0,0,E6/Objekt!$C$12) | G6: 520 | H6: 12 | I6: =G6*H6 | J6: =IF(Objekt!$C$9="Ja",I6*(1+Objekt!$C$10),I6) | K6: 01.03.2022
B7: 2 | C7: Mieter 2 – Beta Services KG | D7: EG rechts / Büro | E7: 140 | F7: =IF(Objekt!$C$12=0,0,E7/Objekt!$C$12) | G7: 410 | H7: 12 | I7: =G7*H7 | J7: =IF(Objekt!$C$9="Ja",I7*(1+Objekt!$C$10),I7) | K7: 01.07.2023
B8: 3 | C8: Mieter 3 – Gamma Gastro GmbH | D8: 1. OG / Gastronomie | E8: 220 | F8: =IF(Objekt!$C$12=0,0,E8/Objekt!$C$12) | G8: 680 | H8: 12 | I8: =G8*H8 | J8: =IF(Objekt!$C$9="Ja",I8*(1+Objekt!$C$10),I8) | K8: 01.01.2021
B9: 4 | C9: Mieter 4 – Delta Praxis Dr. Muster | D9: 2. OG / Praxis | E9: 160 | F9: =IF(Objekt!$C$12=0,0,E9/Objekt!$C$12) | G9: 470 | H9: 12 | I9: =G9*H9 | J9: =IF(Objekt!$C$9="Ja",I9*(1+Objekt!$C$10),I9) | K9: 15.09.2024
C10: SUMME / Kontrolle | E10: =SUM(E6:E9) | F10: =SUM(F6:F9) | I10: =SUM(I6:I9) | J10: =SUM(J6:J9)
B12: Flächenanteile müssen in Summe 100 % ergeben (wenn nur diese 4 Mieter die Abrechnungseinheit bilden).

Sheet Vertrags-Matrix
B2: Vertrags-Matrix – Umlagefähigkeit je Kostenart
B3: Einzelrechnungen lilafarben. Pro Mieter M1–M4 steuern. Primär: Spalte Zuordnung in Kostenarten.
B5: Nr | C5: Kostenart | D5: Standard umlagefähig? | E5: M1 | F5: M2 | G5: M3 | H5: M4 | I5: Schlüssel | J5: Bemerkung
B6: 1 | C6: Grundsteuer | D6: Ja | E6: Ja | F6: Ja | G6: Ja | H6: Ja | I6: Fläche
B7: 2 | C7: Wasser / Abwasser | D7: Ja | E7: Ja | F7: Ja | G7: Ja | H7: Ja | I7: Verbrauch
B8: 3 | C8: Heizung / Warmwasser | D8: Ja | E8: Ja | F8: Ja | G8: Ja | H8: Ja | I8: Verbrauch
B9: 4 | C9: Straßenreinigung / Müll | D9: Ja | E9: Ja | F9: Ja | G9: Ja | H9: Ja | I9: Fläche
B10: 5 | C10: Gebäudeversicherung | D10: Ja | E10: Ja | F10: Ja | G10: Ja | H10: Ja | I10: Fläche
B11: 6 | C11: Haftpflicht Gebäude | D11: Ja | E11: Ja | F11: Ja | G11: Ja | H11: Ja | I11: Fläche
B12: 7 | C12: Hausmeister / Facility | D12: Ja | E12: Ja | F12: Ja | G12: Ja | H12: Ja | I12: Fläche
B13: 8 | C13: Gartenpflege / Außenanlagen | D13: Ja | E13: Ja | F13: Ja | G13: Ja | H13: Ja | I13: Fläche
B14: 9 | C14: Aufzug Wartung | D14: Ja | E14: Ja | F14: Ja | G14: Ja | H14: Ja | I14: Fläche
B15: 10 | C15: Aufzug Instandsetzung | D15: Nein | E15: Nein | F15: Nein | G15: Nein | H15: Nein | I15: Fläche
B16: 11 | C16: Klima- / Lüftungsanlage Wartung | D16: Ja | E16: Ja | F16: Ja | G16: Ja | H16: Ja | I16: Fläche
B17: 12 | C17: Brandschutz / Sicherheitstechnik | D17: Ja | E17: Ja | F17: Ja | G17: Ja | H17: Ja | I17: Fläche
... B28: 23 | C28: Finanzierung / Zinsen / AfA | D28: Nein | E28: Nein | F28: Nein | G28: Nein | H28: Nein | I28: Fläche
B29: 24 | C29: Einzelrechnung: Schaufensterreparatur EG links | D29: Ja | E29: Ja | F29: Nein | G29: Nein | H29: Nein | I29: Einzel | J29: Nur M1
B30: 25 | C30: Einzelrechnung: Fettabscheider Gastro | D30: Ja | E30: Nein | F30: Nein | G30: Ja | H30: Nein | I30: Einzel | J30: Nur M3
B31: 26 | C31: Einzelrechnung: Praxis-Klimagerät Wartung | D31: Ja | E31: Nein | F31: Nein | G31: Nein | H31: Ja | I31: Einzel | J31: Nur M4
B32: 27 | C32: Einzelrechnung: (leer – hier eintragen) | D32: Nein | E32: Nein | F32: Nein | G32: Nein | H32: Nein | I32: Einzel | J32: Nur M1
B33: 28 | C33: Einzelrechnung: (leer – hier eintragen) | D33: Nein | E33: Nein | F33: Nein | G33: Nein | H33: Nein | I33: Einzel | J33: Nur M2
B34: 29 | C34: Einzelrechnung: (leer – hier eintragen) | D34: Nein | E34: Nein | F34: Nein | G34: Nein | H34: Nein | I34: Einzel | J34: Nur M3
B35: 30 | C35: Einzelrechnung: (leer – hier eintragen) | D35: Nein | E35: Nein | F35: Nein | G35: Nein | H35: Nein | I35: Einzel | J35: Nur M4
B36: 31 | C36: Einzelrechnung: (leer – hier eintragen) | D36: Nein | E36: Nein | F36: Nein | G36: Nein | H36: Nein | I36: Einzel | J36: Einzelumlage – Zuordnung in Kostenarten

Sheet Kostenarten
B2: Kostenarten inkl. Zuordnung für Einzelrechnungen (nur ein Mieter)
B3: Zuordnung = Alle → Schlüssel (Fläche/Verbrauch). Zuordnung = M1/M2/M3/M4 → 100 % nur dieser Mieter, fließt in Abr_MieterX. Lila = Einzelumlage.
B5: Nr | C5: Kostenart | D5: Umlagefähig? | E5: Zuordnung | F5: Gesamt netto € | G5: nicht umlagef. € | H5: Umlagefähig € | I5: Schlüssel | J5: Anteil M1 | K5: Anteil M2 | L5: Anteil M3 | M5: Anteil M4 | N5: Betrag M1 € | O5: Betrag M2 € | P5: Betrag M3 € | Q5: Betrag M4 € | R5: Beleg / Rechnungsnr.
B6: 1 | C6: Grundsteuer | D6: Ja | E6: Alle | F6: 9600 | G6: 0 | H6: =IF(D6="Ja",MAX(0,F6-G6),0) | I6: Fläche | J6: =IF($E6="Alle",IF($I6="Fläche",Mieter!F6,0),IF($E6="M1",1,0)) | K6: =IF($E6="Alle",IF($I6="Fläche",Mieter!F7,0),IF($E6="M2",1,0)) | L6: =IF($E6="Alle",IF($I6="Fläche",Mieter!F8,0),IF($E6="M3",1,0)) | M6: =IF($E6="Alle",IF($I6="Fläche",Mieter!F9,0),IF($E6="M4",1,0)) | N6: =IF('Vertrags-Matrix'!E6="Ja",$H6*J6,0) | O6: =IF('Vertrags-Matrix'!F6="Ja",$H6*K6,0) | P6: =IF('Vertrags-Matrix'!G6="Ja",$H6*L6,0) | Q6: =IF('Vertrags-Matrix'!H6="Ja",$H6*M6,0)
B7: 2 | C7: Wasser / Abwasser | D7: Ja | E7: Alle | F7: 6400 | G7: 0 | H7: =IF(D7="Ja",MAX(0,F7-G7),0) | I7: Verbrauch | J7: =IF($E7="Alle",0.2,IF($E7="M1",1,0)) | K7: =IF($E7="Alle",0.15,IF($E7="M2",1,0)) | L7: =IF($E7="Alle",0.4,IF($E7="M3",1,0)) | M7: =IF($E7="Alle",0.25,IF($E7="M4",1,0)) | N7: =IF('Vertrags-Matrix'!E7="Ja",$H7*J7,0) | O7: =IF('Vertrags-Matrix'!F7="Ja",$H7*K7,0) | P7: =IF('Vertrags-Matrix'!G7="Ja",$H7*L7,0) | Q7: =IF('Vertrags-Matrix'!H7="Ja",$H7*M7,0)
B8: 3 | C8: Heizung / Warmwasser | D8: Ja | E8: Alle | F8: 28000 | G8: 0 | H8: =IF(D8="Ja",MAX(0,F8-G8),0) | I8: Verbrauch | J8: =IF($E8="Alle",0.22,IF($E8="M1",1,0)) | K8: =IF($E8="Alle",0.18,IF($E8="M2",1,0)) | L8: =IF($E8="Alle",0.35,IF($E8="M3",1,0)) | M8: =IF($E8="Alle",0.25,IF($E8="M4",1,0)) | N8: =IF('Vertrags-Matrix'!E8="Ja",$H8*J8,0) | O8: =IF('Vertrags-Matrix'!F8="Ja",$H8*K8,0) | P8: =IF('Vertrags-Matrix'!G8="Ja",$H8*L8,0) | Q8: =IF('Vertrags-Matrix'!H8="Ja",$H8*M8,0)
B9: 4 | C9: Straßenreinigung / Müll | D9: Ja | E9: Alle | F9: 4200 | G9: 0 | H9: =IF(D9="Ja",MAX(0,F9-G9),0) | I9: Fläche | J9: =IF($E9="Alle",IF($I9="Fläche",Mieter!F6,0),IF($E9="M1",1,0)) | K9: =IF($E9="Alle",IF($I9="Fläche",Mieter!F7,0),IF($E9="M2",1,0)) | L9: =IF($E9="Alle",IF($I9="Fläche",Mieter!F8,0),IF($E9="M3",1,0)) | M9: =IF($E9="Alle",IF($I9="Fläche",Mieter!F9,0),IF($E9="M4",1,0)) | N9: =IF('Vertrags-Matrix'!E9="Ja",$H9*J9,0) | O9: =IF('Vertrags-Matrix'!F9="Ja",$H9*K9,0) | P9: =IF('Vertrags-Matrix'!G9="Ja",$H9*L9,0) | Q9: =IF('Vertrags-Matrix'!H9="Ja",$H9*M9,0)
B10: 5 | C10: Gebäudeversicherung | D10: Ja | E10: Alle | F10: 7200 | G10: 0 | H10: =IF(D10="Ja",MAX(0,F10-G10),0) | I10: Fläche | J10: =IF($E10="Alle",IF($I10="Fläche",Mieter!F6,0),IF($E10="M1",1,0)) | K10: =IF($E10="Alle",IF($I10="Fläche",Mieter!F7,0),IF($E10="M2",1,0)) | L10: =IF($E10="Alle",IF($I10="Fläche",Mieter!F8,0),IF($E10="M3",1,0)) | M10: =IF($E10="Alle",IF($I10="Fläche",Mieter!F9,0),IF($E10="M4",1,0)) | N10: =IF('Vertrags-Matrix'!E10="Ja",$H10*J10,0) | O10: =IF('Vertrags-Matrix'!F10="Ja",$H10*K10,0) | P10: =IF('Vertrags-Matrix'!G10="Ja",$H10*L10,0) | Q10: =IF('Vertrags-Matrix'!H10="Ja",$H10*M10,0)
B11: 6 | C11: Haftpflicht Gebäude | D11: Ja | E11: Alle | F11: 1800 | G11: 0 | H11: =IF(D11="Ja",MAX(0,F11-G11),0) | I11: Fläche | J11: =IF($E11="Alle",IF($I11="Fläche",Mieter!F6,0),IF($E11="M1",1,0)) | K11: =IF($E11="Alle",IF($I11="Fläche",Mieter!F7,0),IF($E11="M2",1,0)) | L11: =IF($E11="Alle",IF($I11="Fläche",Mieter!F8,0),IF($E11="M3",1,0)) | M11: =IF($E11="Alle",IF($I11="Fläche",Mieter!F9,0),IF($E11="M4",1,0)) | N11: =IF('Vertrags-Matrix'!E11="Ja",$H11*J11,0) | O11: =IF('Vertrags-Matrix'!F11="Ja",$H11*K11,0) | P11: =IF('Vertrags-Matrix'!G11="Ja",$H11*L11,0) | Q11: =IF('Vertrags-Matrix'!H11="Ja",$H11*M11,0)
B12: 7 | C12: Hausmeister / Facility | D12: Ja | E12: Alle | F12: 16800 | G12: 0 | H12: =IF(D12="Ja",MAX(0,F12-G12),0) | I12: Fläche | J12: =IF($E12="Alle",IF($I12="Fläche",Mieter!F6,0),IF($E12="M1",1,0)) | K12: =IF($E12="Alle",IF($I12="Fläche",Mieter!F7,0),IF($E12="M2",1,0)) | L12: =IF($E12="Alle",IF($I12="Fläche",Mieter!F8,0),IF($E12="M3",1,0)) | M12: =IF($E12="Alle",IF($I12="Fläche",Mieter!F9,0),IF($E12="M4",1,0)) | N12: =IF('Vertrags-Matrix'!E12="Ja",$H12*J12,0) | O12: =IF('Vertrags-Matrix'!F12="Ja",$H12*K12,0) | P12: =IF('Vertrags-Matrix'!G12="Ja",$H12*L12,0) | Q12: =IF('Vertrags-Matrix'!H12="Ja",$H12*M12,0)
B13: 8 | C13: Gartenpflege / Außenanlagen | D13: Ja | E13: Alle | F13: 3600 | G13: 0 | H13: =IF(D13="Ja",MAX(0,F13-G13),0) | I13: Fläche | J13: =IF($E13="Alle",IF($I13="Fläche",Mieter!F6,0),IF($E13="M1",1,0)) | K13: =IF($E13="Alle",IF($I13="Fläche",Mieter!F7,0),IF($E13="M2",1,0)) | L13: =IF($E13="Alle",IF($I13="Fläche",Mieter!F8,0),IF($E13="M3",1,0)) | M13: =IF($E13="Alle",IF($I13="Fläche",Mieter!F9,0),IF($E13="M4",1,0)) | N13: =IF('Vertrags-Matrix'!E13="Ja",$H13*J13,0) | O13: =IF('Vertrags-Matrix'!F13="Ja",$H13*K13,0) | P13: =IF('Vertrags-Matrix'!G13="Ja",$H13*L13,0) | Q13: =IF('Vertrags-Matrix'!H13="Ja",$H13*M13,0)
B14: 9 | C14: Aufzug Wartung | D14: Ja | E14: Alle | F14: 4800 | G14: 0 | H14: =IF(D14="Ja",MAX(0,F14-G14),0) | I14: Fläche | J14: =IF($E14="Alle",IF($I14="Fläche",Mieter!F6,0),IF($E14="M1",1,0)) | K14: =IF($E14="Alle",IF($I14="Fläche",Mieter!F7,0),IF($E14="M2",1,0)) | L14: =IF($E14="Alle",IF($I14="Fläche",Mieter!F8,0),IF($E14="M3",1,0)) | M14: =IF($E14="Alle",IF($I14="Fläche",Mieter!F9,0),IF($E14="M4",1,0)) | N14: =IF('Vertrags-Matrix'!E14="Ja",$H14*J14,0) | O14: =IF('Vertrags-Matrix'!F14="Ja",$H14*K14,0) | P14: =IF('Vertrags-Matrix'!G14="Ja",$H14*L14,0) | Q14: =IF('Vertrags-Matrix'!H14="Ja",$H14*M14,0)
B15: 10 | C15: Aufzug Instandsetzung | D15: Nein | E15: Alle | F15: 0 | G15: 0 | H15: =IF(D15="Ja",MAX(0,F15-G15),0) | I15: Fläche | J15: =IF($E15="Alle",0,IF($E15="M1",1,0)) | K15: =IF($E15="Alle",0,IF($E15="M2",1,0)) | L15: =IF($E15="Alle",0,IF($E15="M3",1,0)) | M15: =IF($E15="Alle",0,IF($E15="M4",1,0)) | N15: =IF('Vertrags-Matrix'!E15="Ja",$H15*J15,0) | O15: =IF('Vertrags-Matrix'!F15="Ja",$H15*K15,0) | P15: =IF('Vertrags-Matrix'!G15="Ja",$H15*L15,0) | Q15: =IF('Vertrags-Matrix'!H15="Ja",$H15*M15,0)
B16: 11 | C16: Klima- / Lüftungsanlage Wartung | D16: Ja | E16: Alle | F16: 6200 | G16: 0 | H16: =IF(D16="Ja",MAX(0,F16-G16),0) | I16: Fläche | J16: =IF($E16="Alle",IF($I16="Fläche",Mieter!F6,0),IF($E16="M1",1,0)) | K16: =IF($E16="Alle",IF($I16="Fläche",Mieter!F7,0),IF($E16="M2",1,0)) | L16: =IF($E16="Alle",IF($I16="Fläche",Mieter!F8,0),IF($E16="M3",1,0)) | M16: =IF($E16="Alle",IF($I16="Fläche",Mieter!F9,0),IF($E16="M4",1,0)) | N16: =IF('Vertrags-Matrix'!E16="Ja",$H16*J16,0) | O16: =IF('Vertrags-Matrix'!F16="Ja",$H16*K16,0) | P16: =IF('Vertrags-Matrix'!G16="Ja",$H16*L16,0) | Q16: =IF('Vertrags-Matrix'!H16="Ja",$H16*M16,0)
B17: 12 | C17: Brandschutz / Sicherheitstechnik | D17: Ja | E17: Alle | F17: 3000 | G17: 0 | H17: =IF(D17="Ja",MAX(0,F17-G17),0) | I17: Fläche | J17: =IF($E17="Alle",IF($I17="Fläche",Mieter!F6,0),IF($E17="M1",1,0)) | K17: =IF($E17="Alle",IF($I17="Fläche",Mieter!F7,0),IF($E17="M2",1,0)) | L17: =IF($E17="Alle",IF($I17="Fläche",Mieter!F8,0),IF($E17="M3",1,0)) | M17: =IF($E17="Alle",IF($I17="Fläche",Mieter!F9,0),IF($E17="M4",1,0)) | N17: =IF('Vertrags-Matrix'!E17="Ja",$H17*J17,0) | O17: =IF('Vertrags-Matrix'!F17="Ja",$H17*K17,0) | P17: =IF('Vertrags-Matrix'!G17="Ja",$H17*L17,0) | Q17: =IF('Vertrags-Matrix'!H17="Ja",$H17*M17,0)
B18: 13 | C18: Sicherheit / Bewachung | D18: Ja | E18: Alle | F18: 12000 | G18: 0 | H18: =IF(D18="Ja",MAX(0,F18-G18),0) | I18: Fläche | J18: =IF($E18="Alle",IF($I18="Fläche",Mieter!F6,0),IF($E18="M1",1,0)) | K18: =IF($E18="Alle",IF($I18="Fläche",Mieter!F7,0),IF($E18="M2",1,0)) | L18: =IF($E18="Alle",IF($I18="Fläche",Mieter!F8,0),IF($E18="M3",1,0)) | M18: =IF($E18="Alle",IF($I18="Fläche",Mieter!F9,0),IF($E18="M4",1,0)) | N18: =IF('Vertrags-Matrix'!E18="Ja",$H18*J18,0) | O18: =IF('Vertrags-Matrix'!F18="Ja",$H18*K18,0) | P18: =IF('Vertrags-Matrix'!G18="Ja",$H18*L18,0) | Q18: =IF('Vertrags-Matrix'!H18="Ja",$H18*M18,0)
B19: 14 | C19: Reinigung Gemeinschaftsflächen | D19: Ja | E19: Alle | F19: 9600 | G19: 0 | H19: =IF(D19="Ja",MAX(0,F19-G19),0) | I19: Fläche | J19: =IF($E19="Alle",IF($I19="Fläche",Mieter!F6,0),IF($E19="M1",1,0)) | K19: =IF($E19="Alle",IF($I19="Fläche",Mieter!F7,0),IF($E19="M2",1,0)) | L19: =IF($E19="Alle",IF($I19="Fläche",Mieter!F8,0),IF($E19="M3",1,0)) | M19: =IF($E19="Alle",IF($I19="Fläche",Mieter!F9,0),IF($E19="M4",1,0)) | N19: =IF('Vertrags-Matrix'!E19="Ja",$H19*J19,0) | O19: =IF('Vertrags-Matrix'!F19="Ja",$H19*K19,0) | P19: =IF('Vertrags-Matrix'!G19="Ja",$H19*L19,0) | Q19: =IF('Vertrags-Matrix'!H19="Ja",$H19*M19,0)
B20: 15 | C20: Beleuchtung Allgemein | D20: Ja | E20: Alle | F20: 4400 | G20: 0 | H20: =IF(D20="Ja",MAX(0,F20-G20),0) | I20: Fläche | J20: =IF($E20="Alle",IF($I20="Fläche",Mieter!F6,0),IF($E20="M1",1,0)) | K20: =IF($E20="Alle",IF($I20="Fläche",Mieter!F7,0),IF($E20="M2",1,0)) | L20: =IF($E20="Alle",IF($I20="Fläche",Mieter!F8,0),IF($E20="M3",1,0)) | M20: =IF($E20="Alle",IF($I20="Fläche",Mieter!F9,0),IF($E20="M4",1,0)) | N20: =IF('Vertrags-Matrix'!E20="Ja",$H20*J20,0) | O20: =IF('Vertrags-Matrix'!F20="Ja",$H20*K20,0) | P20: =IF('Vertrags-Matrix'!G20="Ja",$H20*L20,0) | Q20: =IF('Vertrags-Matrix'!H20="Ja",$H20*M20,0)
B21: 16 | C21: Niederschlagswasser | D21: Ja | E21: Alle | F21: 1400 | G21: 0 | H21: =IF(D21="Ja",MAX(0,F21-G21),0) | I21: Fläche | J21: =IF($E21="Alle",IF($I21="Fläche",Mieter!F6,0),IF($E21="M1",1,0)) | K21: =IF($E21="Alle",IF($I21="Fläche",Mieter!F7,0),IF($E21="M2",1,0)) | L21: =IF($E21="Alle",IF($I21="Fläche",Mieter!F8,0),IF($E21="M3",1,0)) | M21: =IF($E21="Alle",IF($I21="Fläche",Mieter!F9,0),IF($E21="M4",1,0)) | N21: =IF('Vertrags-Matrix'!E21="Ja",$H21*J21,0) | O21: =IF('Vertrags-Matrix'!F21="Ja",$H21*K21,0) | P21: =IF('Vertrags-Matrix'!G21="Ja",$H21*L21,0) | Q21: =IF('Vertrags-Matrix'!H21="Ja",$H21*M21,0)
B22: 17 | C22: Verwaltungskosten | D22: Ja | E22: Alle | F22: 8400 | G22: 0 | H22: =IF(D22="Ja",MAX(0,F22-G22),0) | I22: Fläche | J22: =IF($E22="Alle",IF($I22="Fläche",Mieter!F6,0),IF($E22="M1",1,0)) | K22: =IF($E22="Alle",IF($I22="Fläche",Mieter!F7,0),IF($E22="M2",1,0)) | L22: =IF($E22="Alle",IF($I22="Fläche",Mieter!F8,0),IF($E22="M3",1,0)) | M22: =IF($E22="Alle",IF($I22="Fläche",Mieter!F9,0),IF($E22="M4",1,0)) | N22: =IF('Vertrags-Matrix'!E22="Ja",$H22*J22,0) | O22: =IF('Vertrags-Matrix'!F22="Ja",$H22*K22,0) | P22: =IF('Vertrags-Matrix'!G22="Ja",$H22*L22,0) | Q22: =IF('Vertrags-Matrix'!H22="Ja",$H22*M22,0)
B23: 18 | C23: Werbegemeinschaft / Center-Umlage | D23: Nein | E23: Alle | F23: 0 | G23: 0 | H23: =IF(D23="Ja",MAX(0,F23-G23),0) | I23: Fläche | J23: =IF($E23="Alle",0,IF($E23="M1",1,0)) | K23: =IF($E23="Alle",0,IF($E23="M2",1,0)) | L23: =IF($E23="Alle",0,IF($E23="M3",1,0)) | M23: =IF($E23="Alle",0,IF($E23="M4",1,0)) | N23: =IF('Vertrags-Matrix'!E23="Ja",$H23*J23,0) | O23: =IF('Vertrags-Matrix'!F23="Ja",$H23*K23,0) | P23: =IF('Vertrags-Matrix'!G23="Ja",$H23*L23,0) | Q23: =IF('Vertrags-Matrix'!H23="Ja",$H23*M23,0)
B24: 19 | C24: Instandhaltung pauschal | D24: Nein | E24: Alle | F24: 0 | G24: 0 | H24: =IF(D24="Ja",MAX(0,F24-G24),0) | I24: Fläche | J24: =IF($E24="Alle",0,IF($E24="M1",1,0)) | K24: =IF($E24="Alle",0,IF($E24="M2",1,0)) | L24: =IF($E24="Alle",0,IF($E24="M3",1,0)) | M24: =IF($E24="Alle",0,IF($E24="M4",1,0)) | N24: =IF('Vertrags-Matrix'!E24="Ja",$H24*J24,0) | O24: =IF('Vertrags-Matrix'!F24="Ja",$H24*K24,0) | P24: =IF('Vertrags-Matrix'!G24="Ja",$H24*L24,0) | Q24: =IF('Vertrags-Matrix'!H24="Ja",$H24*M24,0)
B25: 20 | C25: Schornstein / Kehrgebühren | D25: Ja | E25: Alle | F25: 700 | G25: 0 | H25: =IF(D25="Ja",MAX(0,F25-G25),0) | I25: Fläche | J25: =IF($E25="Alle",IF($I25="Fläche",Mieter!F6,0),IF($E25="M1",1,0)) | K25: =IF($E25="Alle",IF($I25="Fläche",Mieter!F7,0),IF($E25="M2",1,0)) | L25: =IF($E25="Alle",IF($I25="Fläche",Mieter!F8,0),IF($E25="M3",1,0)) | M25: =IF($E25="Alle",IF($I25="Fläche",Mieter!F9,0),IF($E25="M4",1,0)) | N25: =IF('Vertrags-Matrix'!E25="Ja",$H25*J25,0) | O25: =IF('Vertrags-Matrix'!F25="Ja",$H25*K25,0) | P25: =IF('Vertrags-Matrix'!G25="Ja",$H25*L25,0) | Q25: =IF('Vertrags-Matrix'!H25="Ja",$H25*M25,0)
B26: 21 | C26: WEG-Hausgeld umlagefähiger Anteil | D26: Ja | E26: Alle | F26: 0 | G26: 0 | H26: =IF(D26="Ja",MAX(0,F26-G26),0) | I26: Fläche | J26: =IF($E26="Alle",IF($I26="Fläche",Mieter!F6,0),IF($E26="M1",1,0)) | K26: =IF($E26="Alle",IF($I26="Fläche",Mieter!F7,0),IF($E26="M2",1,0)) | L26: =IF($E26="Alle",IF($I26="Fläche",Mieter!F8,0),IF($E26="M3",1,0)) | M26: =IF($E26="Alle",IF($I26="Fläche",Mieter!F9,0),IF($E26="M4",1,0)) | N26: =IF('Vertrags-Matrix'!E26="Ja",$H26*J26,0) | O26: =IF('Vertrags-Matrix'!F26="Ja",$H26*K26,0) | P26: =IF('Vertrags-Matrix'!G26="Ja",$H26*L26,0) | Q26: =IF('Vertrags-Matrix'!H26="Ja",$H26*M26,0)
B27: 22 | C27: Leerstandsanteil | D27: Nein | E27: Alle | F27: 0 | G27: 0 | H27: =IF(D27="Ja",MAX(0,F27-G27),0) | I27: Fläche | J27: =IF($E27="Alle",0,IF($E27="M1",1,0)) | K27: =IF($E27="Alle",0,IF($E27="M2",1,0)) | L27: =IF($E27="Alle",0,IF($E27="M3",1,0)) | M27: =IF($E27="Alle",0,IF($E27="M4",1,0)) | N27: =IF('Vertrags-Matrix'!E27="Ja",$H27*J27,0) | O27: =IF('Vertrags-Matrix'!F27="Ja",$H27*K27,0) | P27: =IF('Vertrags-Matrix'!G27="Ja",$H27*L27,0) | Q27: =IF('Vertrags-Matrix'!H27="Ja",$H27*M27,0)
B28: 23 | C28: Finanzierung / Zinsen / AfA | D28: Nein | E28: Alle | F28: 0 | G28: 0 | H28: =IF(D28="Ja",MAX(0,F28-G28),0) | I28: Fläche | J28: =IF($E28="Alle",0,IF($E28="M1",1,0)) | K28: =IF($E28="Alle",0,IF($E28="M2",1,0)) | L28: =IF($E28="Alle",0,IF($E28="M3",1,0)) | M28: =IF($E28="Alle",0,IF($E28="M4",1,0)) | N28: =IF('Vertrags-Matrix'!E28="Ja",$H28*J28,0) | O28: =IF('Vertrags-Matrix'!F28="Ja",$H28*K28,0) | P28: =IF('Vertrags-Matrix'!G28="Ja",$H28*L28,0) | Q28: =IF('Vertrags-Matrix'!H28="Ja",$H28*M28,0)
B29: 24 | C29: Einzelrechnung: Schaufensterreparatur EG links | D29: Ja | E29: M1 | F29: 1250 | G29: 0 | H29: =IF(D29="Ja",MAX(0,F29-G29),0) | I29: Einzel | J29: =IF($E29="Alle",0,IF($E29="M1",1,0)) | K29: =IF($E29="Alle",0,IF($E29="M2",1,0)) | L29: =IF($E29="Alle",0,IF($E29="M3",1,0)) | M29: =IF($E29="Alle",0,IF($E29="M4",1,0)) | N29: =IF('Vertrags-Matrix'!E29="Ja",$H29*J29,0) | O29: =IF('Vertrags-Matrix'!F29="Ja",$H29*K29,0) | P29: =IF('Vertrags-Matrix'!G29="Ja",$H29*L29,0) | Q29: =IF('Vertrags-Matrix'!H29="Ja",$H29*M29,0) | R29: Beispiel-Einzelrechnung
B30: 25 | C30: Einzelrechnung: Fettabscheider Gastro | D30: Ja | E30: M3 | F30: 890 | G30: 0 | H30: =IF(D30="Ja",MAX(0,F30-G30),0) | I30: Einzel | J30: =IF($E30="Alle",0,IF($E30="M1",1,0)) | K30: =IF($E30="Alle",0,IF($E30="M2",1,0)) | L30: =IF($E30="Alle",0,IF($E30="M3",1,0)) | M30: =IF($E30="Alle",0,IF($E30="M4",1,0)) | N30: =IF('Vertrags-Matrix'!E30="Ja",$H30*J30,0) | O30: =IF('Vertrags-Matrix'!F30="Ja",$H30*K30,0) | P30: =IF('Vertrags-Matrix'!G30="Ja",$H30*L30,0) | Q30: =IF('Vertrags-Matrix'!H30="Ja",$H30*M30,0) | R30: Beispiel-Einzelrechnung
B31: 26 | C31: Einzelrechnung: Praxis-Klimagerät Wartung | D31: Ja | E31: M4 | F31: 420 | G31: 0 | H31: =IF(D31="Ja",MAX(0,F31-G31),0) | I31: Einzel | J31: =IF($E31="Alle",0,IF($E31="M1",1,0)) | K31: =IF($E31="Alle",0,IF($E31="M2",1,0)) | L31: =IF($E31="Alle",0,IF($E31="M3",1,0)) | M31: =IF($E31="Alle",0,IF($E31="M4",1,0)) | N31: =IF('Vertrags-Matrix'!E31="Ja",$H31*J31,0) | O31: =IF('Vertrags-Matrix'!F31="Ja",$H31*K31,0) | P31: =IF('Vertrags-Matrix'!G31="Ja",$H31*L31,0) | Q31: =IF('Vertrags-Matrix'!H31="Ja",$H31*M31,0) | R31: Beispiel-Einzelrechnung
B32: 27 | C32: Einzelrechnung: (leer – hier eintragen) | D32: Nein | E32: M1 | F32: 0 | G32: 0 | H32: =IF(D32="Ja",MAX(0,F32-G32),0) | I32: Einzel | J32: =IF($E32="Alle",0,IF($E32="M1",1,0)) | K32: =IF($E32="Alle",0,IF($E32="M2",1,0)) | L32: =IF($E32="Alle",0,IF($E32="M3",1,0)) | M32: =IF($E32="Alle",0,IF($E32="M4",1,0)) | N32: =IF('Vertrags-Matrix'!E32="Ja",$H32*J32,0) | O32: =IF('Vertrags-Matrix'!F32="Ja",$H32*K32,0) | P32: =IF('Vertrags-Matrix'!G32="Ja",$H32*L32,0) | Q32: =IF('Vertrags-Matrix'!H32="Ja",$H32*M32,0)
B33: 28 | C33: Einzelrechnung: (leer – hier eintragen) | D33: Nein | E33: M2 | F33: 0 | G33: 0 | H33: =IF(D33="Ja",MAX(0,F33-G33),0) | I33: Einzel | J33: =IF($E33="Alle",0,IF($E33="M1",1,0)) | K33: =IF($E33="Alle",0,IF($E33="M2",1,0)) | L33: =IF($E33="Alle",0,IF($E33="M3",1,0)) | M33: =IF($E33="Alle",0,IF($E33="M4",1,0)) | N33: =IF('Vertrags-Matrix'!E33="Ja",$H33*J33,0) | O33: =IF('Vertrags-Matrix'!F33="Ja",$H33*K33,0) | P33: =IF('Vertrags-Matrix'!G33="Ja",$H33*L33,0) | Q33: =IF('Vertrags-Matrix'!H33="Ja",$H33*M33,0)
B34: 29 | C34: Einzelrechnung: (leer – hier eintragen) | D34: Nein | E34: M3 | F34: 0 | G34: 0 | H34: =IF(D34="Ja",MAX(0,F34-G34),0) | I34: Einzel | J34: =IF($E34="Alle",0,IF($E34="M1",1,0)) | K34: =IF($E34="Alle",0,IF($E34="M2",1,0)) | L34: =IF($E34="Alle",0,IF($E34="M3",1,0)) | M34: =IF($E34="Alle",0,IF($E34="M4",1,0)) | N34: =IF('Vertrags-Matrix'!E34="Ja",$H34*J34,0) | O34: =IF('Vertrags-Matrix'!F34="Ja",$H34*K34,0) | P34: =IF('Vertrags-Matrix'!G34="Ja",$H34*L34,0) | Q34: =IF('Vertrags-Matrix'!H34="Ja",$H34*M34,0)
B35: 30 | C35: Einzelrechnung: (leer – hier eintragen) | D35: Nein | E35: M4 | F35: 0 | G35: 0 | H35: =IF(D35="Ja",MAX(0,F35-G35),0) | I35: Einzel | J35: =IF($E35="Alle",0,IF($E35="M1",1,0)) | K35: =IF($E35="Alle",0,IF($E35="M2",1,0)) | L35: =IF($E35="Alle",0,IF($E35="M3",1,0)) | M35: =IF($E35="Alle",0,IF($E35="M4",1,0)) | N35: =IF('Vertrags-Matrix'!E35="Ja",$H35*J35,0) | O35: =IF('Vertrags-Matrix'!F35="Ja",$H35*K35,0) | P35: =IF('Vertrags-Matrix'!G35="Ja",$H35*L35,0) | Q35: =IF('Vertrags-Matrix'!H35="Ja",$H35*M35,0)
B36: 31 | C36: Einzelrechnung: (leer – hier eintragen) | D36: Nein | E36: Alle | F36: 0 | G36: 0 | H36: =IF(D36="Ja",MAX(0,F36-G36),0) | I36: Einzel | J36: =IF($E36="Alle",0,IF($E36="M1",1,0)) | K36: =IF($E36="Alle",0,IF($E36="M2",1,0)) | L36: =IF($E36="Alle",0,IF($E36="M3",1,0)) | M36: =IF($E36="Alle",0,IF($E36="M4",1,0)) | N36: =IF('Vertrags-Matrix'!E36="Ja",$H36*J36,0) | O36: =IF('Vertrags-Matrix'!F36="Ja",$H36*K36,0) | P36: =IF('Vertrags-Matrix'!G36="Ja",$H36*L36,0) | Q36: =IF('Vertrags-Matrix'!H36="Ja",$H36*M36,0)
C37: SUMME | F37: =SUM(F6:F36) | G37: =SUM(G6:G36) | H37: =SUM(H6:H36) | N37: =SUM(N6:N36) | O37: =SUM(O6:O36) | P37: =SUM(P6:P36) | Q37: =SUM(Q6:Q36)
B39: Neue Einzelrechnung: leere lilafarbene Zeile nutzen → Umlagefähig=Ja → Zuordnung M1/M2/M3/M4 → Betrag netto → Belegnr. Fertig.

Sheet Abr_Mieter1
B2: Nebenkostenabrechnung Gewerbe – Mieter 1
B3: Automatisch aus Objekt + Mieter + Kostenarten. Vor Versand prüfen.
B5: Objekt | C5: =Objekt!C5
B6: Mieter | C6: =Mieter!C6
B7: Einheit | C7: =Mieter!D6
B8: Zeitraum von | C8: =Objekt!C7
B9: Zeitraum bis | C9: =Objekt!C8
B10: Fläche m² | C10: =Mieter!E6
B11: Flächenanteil | C11: =Mieter!F6
B12: USt-Option | C12: =Objekt!C9
B14: Nr | C14: Kostenart | D14: Anteil Mieter netto € | E14: Schlüssel | F14: Anteil % | G14: USt € | H14: Brutto €
B15: 1 | C15: =Kostenarten!C6 | D15: =Kostenarten!N6 | E15: =Kostenarten!I6 | F15: =Kostenarten!J6 | G15: =IF(Objekt!$C$9="Ja",D15*Objekt!$C$10,0) | H15: =D15+G15
B16: 2 | C16: =Kostenarten!C7 | D16: =Kostenarten!N7 | E16: =Kostenarten!I7 | F16: =Kostenarten!J7 | G16: =IF(Objekt!$C$9="Ja",D16*Objekt!$C$10,0) | H16: =D16+G16
B17: 3 | C17: =Kostenarten!C8 | D17: =Kostenarten!N8 | E17: =Kostenarten!I8 | F17: =Kostenarten!J8 | G17: =IF(Objekt!$C$9="Ja",D17*Objekt!$C$10,0) | H17: =D17+G17
B18: 4 | C18: =Kostenarten!C9 | D18: =Kostenarten!N9 | E18: =Kostenarten!I9 | F18: =Kostenarten!J9 | G18: =IF(Objekt!$C$9="Ja",D18*Objekt!$C$10,0) | H18: =D18+G18
B19: 5 | C19: =Kostenarten!C10 | D19: =Kostenarten!N10 | E19: =Kostenarten!I10 | F19: =Kostenarten!J10 | G19: =IF(Objekt!$C$9="Ja",D19*Objekt!$C$10,0) | H19: =D19+G19
B20: 6 | C20: =Kostenarten!C11 | D20: =Kostenarten!N11 | E20: =Kostenarten!I11 | F20: =Kostenarten!J11 | G20: =IF(Objekt!$C$9="Ja",D20*Objekt!$C$10,0) | H20: =D20+G20
B21: 7 | C21: =Kostenarten!C12 | D21: =Kostenarten!N12 | E21: =Kostenarten!I12 | F21: =Kostenarten!J12 | G21: =IF(Objekt!$C$9="Ja",D21*Objekt!$C$10,0) | H21: =D21+G21
B22: 8 | C22: =Kostenarten!C13 | D22: =Kostenarten!N13 | E22: =Kostenarten!I13 | F22: =Kostenarten!J13 | G22: =IF(Objekt!$C$9="Ja",D22*Objekt!$C$10,0) | H22: =D22+G22
B23: 9 | C23: =Kostenarten!C14 | D23: =Kostenarten!N14 | E23: =Kostenarten!I14 | F23: =Kostenarten!J14 | G23: =IF(Objekt!$C$9="Ja",D23*Objekt!$C$10,0) | H23: =D23+G23
B24: 10 | C24: =Kostenarten!C15 | D24: =Kostenarten!N15 | E24: =Kostenarten!I15 | F24: =Kostenarten!J15 | G24: =IF(Objekt!$C$9="Ja",D24*Objekt!$C$10,0) | H24: =D24+G24
B25: 11 | C25: =Kostenarten!C16 | D25: =Kostenarten!N16 | E25: =Kostenarten!I16 | F25: =Kostenarten!J16 | G25: =IF(Objekt!$C$9="Ja",D25*Objekt!$C$10,0) | H25: =D25+G25
B26: 12 | C26: =Kostenarten!C17 | D26: =Kostenarten!N17 | E26: =Kostenarten!I17 | F26: =Kostenarten!J17 | G26: =IF(Objekt!$C$9="Ja",D26*Objekt!$C$10,0) | H26: =D26+G26
... B45: 31 | C45: =Kostenarten!C36 | D45: =Kostenarten!N36 | E45: =Kostenarten!I36 | F45: =Kostenarten!J36 | G45: =IF(Objekt!$C$9="Ja",D45*Objekt!$C$10,0) | H45: =D45+G45
C46: Zwischensumme | D46: =SUM(D15:D45) | G46: =SUM(G15:G45) | H46: =SUM(H15:H45)
B48: Ergebnis
B49: Summe Anteil netto | C49: =D46
B50: zzgl. Umsatzsteuer | C50: =G46
B51: Summe brutto | C51: =H46
B52: abzgl. Vorauszahlungen brutto | C52: =Mieter!J6
B53: Nachzahlung / Guthaben (−) | C53: =C51-C52
B55: Einzelumlagen mit Zuordnung M1–M4 sind in der Summe enthalten.
B57: Erstellt am | C57: 46241
B58: Erstellt durch

Sheet Abr_Mieter2
B2: Nebenkostenabrechnung Gewerbe – Mieter 2
B3: Automatisch aus Objekt + Mieter + Kostenarten. Vor Versand prüfen.
B5: Objekt | C5: =Objekt!C5
B6: Mieter | C6: =Mieter!C7
B7: Einheit | C7: =Mieter!D7
B8: Zeitraum von | C8: =Objekt!C7
B9: Zeitraum bis | C9: =Objekt!C8
B10: Fläche m² | C10: =Mieter!E7
B11: Flächenanteil | C11: =Mieter!F7
B12: USt-Option | C12: =Objekt!C9
B14: Nr | C14: Kostenart | D14: Anteil Mieter netto € | E14: Schlüssel | F14: Anteil % | G14: USt € | H14: Brutto €
B15: 1 | C15: =Kostenarten!C6 | D15: =Kostenarten!O6 | E15: =Kostenarten!I6 | F15: =Kostenarten!K6 | G15: =IF(Objekt!$C$9="Ja",D15*Objekt!$C$10,0) | H15: =D15+G15
B16: 2 | C16: =Kostenarten!C7 | D16: =Kostenarten!O7 | E16: =Kostenarten!I7 | F16: =Kostenarten!K7 | G16: =IF(Objekt!$C$9="Ja",D16*Objekt!$C$10,0) | H16: =D16+G16
B17: 3 | C17: =Kostenarten!C8 | D17: =Kostenarten!O8 | E17: =Kostenarten!I8 | F17: =Kostenarten!K8 | G17: =IF(Objekt!$C$9="Ja",D17*Objekt!$C$10,0) | H17: =D17+G17
B18: 4 | C18: =Kostenarten!C9 | D18: =Kostenarten!O9 | E18: =Kostenarten!I9 | F18: =Kostenarten!K9 | G18: =IF(Objekt!$C$9="Ja",D18*Objekt!$C$10,0) | H18: =D18+G18
B19: 5 | C19: =Kostenarten!C10 | D19: =Kostenarten!O10 | E19: =Kostenarten!I10 | F19: =Kostenarten!K10 | G19: =IF(Objekt!$C$9="Ja",D19*Objekt!$C$10,0) | H19: =D19+G19
B20: 6 | C20: =Kostenarten!C11 | D20: =Kostenarten!O11 | E20: =Kostenarten!I11 | F20: =Kostenarten!K11 | G20: =IF(Objekt!$C$9="Ja",D20*Objekt!$C$10,0) | H20: =D20+G20
B21: 7 | C21: =Kostenarten!C12 | D21: =Kostenarten!O12 | E21: =Kostenarten!I12 | F21: =Kostenarten!K12 | G21: =IF(Objekt!$C$9="Ja",D21*Objekt!$C$10,0) | H21: =D21+G21
B22: 8 | C22: =Kostenarten!C13 | D22: =Kostenarten!O13 | E22: =Kostenarten!I13 | F22: =Kostenarten!K13 | G22: =IF(Objekt!$C$9="Ja",D22*Objekt!$C$10,0) | H22: =D22+G22
B23: 9 | C23: =Kostenarten!C14 | D23: =Kostenarten!O14 | E23: =Kostenarten!I14 | F23: =Kostenarten!K14 | G23: =IF(Objekt!$C$9="Ja",D23*Objekt!$C$10,0) | H23: =D23+G23
B24: 10 | C24: =Kostenarten!C15 | D24: =Kostenarten!O15 | E24: =Kostenarten!I15 | F24: =Kostenarten!K15 | G24: =IF(Objekt!$C$9="Ja",D24*Objekt!$C$10,0) | H24: =D24+G24
B25: 11 | C25: =Kostenarten!C16 | D25: =Kostenarten!O16 | E25: =Kostenarten!I16 | F25: =Kostenarten!K16 | G25: =IF(Objekt!$C$9="Ja",D25*Objekt!$C$10,0) | H25: =D25+G25
B26: 12 | C26: =Kostenarten!C17 | D26: =Kostenarten!O17 | E26: =Kostenarten!I17 | F26: =Kostenarten!K17 | G26: =IF(Objekt!$C$9="Ja",D26*Objekt!$C$10,0) | H26: =D26+G26
... B45: 31 | C45: =Kostenarten!C36 | D45: =Kostenarten!O36 | E45: =Kostenarten!I36 | F45: =Kostenarten!K36 | G45: =IF(Objekt!$C$9="Ja",D45*Objekt!$C$10,0) | H45: =D45+G45
C46: Zwischensumme | D46: =SUM(D15:D45) | G46: =SUM(G15:G45) | H46: =SUM(H15:H45)
B48: Ergebnis
B49: Summe Anteil netto | C49: =D46
B50: zzgl. Umsatzsteuer | C50: =G46
B51: Summe brutto | C51: =H46
B52: abzgl. Vorauszahlungen brutto | C52: =Mieter!J7
B53: Nachzahlung / Guthaben (−) | C53: =C51-C52
B55: Einzelumlagen mit Zuordnung M1–M4 sind in der Summe enthalten.
B57: Erstellt am | C57: 46241
B58: Erstellt durch

Sheet Abr_Mieter3
B2: Nebenkostenabrechnung Gewerbe – Mieter 3
B3: Automatisch aus Objekt + Mieter + Kostenarten. Vor Versand prüfen.
B5: Objekt | C5: =Objekt!C5
B6: Mieter | C6: =Mieter!C8
B7: Einheit | C7: =Mieter!D8
B8: Zeitraum von | C8: =Objekt!C7
B9: Zeitraum bis | C9: =Objekt!C8
B10: Fläche m² | C10: =Mieter!E8
B11: Flächenanteil | C11: =Mieter!F8
B12: USt-Option | C12: =Objekt!C9
B14: Nr | C14: Kostenart | D14: Anteil Mieter netto € | E14: Schlüssel | F14: Anteil % | G14: USt € | H14: Brutto €
B15: 1 | C15: =Kostenarten!C6 | D15: =Kostenarten!P6 | E15: =Kostenarten!I6 | F15: =Kostenarten!L6 | G15: =IF(Objekt!$C$9="Ja",D15*Objekt!$C$10,0) | H15: =D15+G15
B16: 2 | C16: =Kostenarten!C7 | D16: =Kostenarten!P7 | E16: =Kostenarten!I7 | F16: =Kostenarten!L7 | G16: =IF(Objekt!$C$9="Ja",D16*Objekt!$C$10,0) | H16: =D16+G16
B17: 3 | C17: =Kostenarten!C8 | D17: =Kostenarten!P8 | E17: =Kostenarten!I8 | F17: =Kostenarten!L8 | G17: =IF(Objekt!$C$9="Ja",D17*Objekt!$C$10,0) | H17: =D17+G17
B18: 4 | C18: =Kostenarten!C9 | D18: =Kostenarten!P9 | E18: =Kostenarten!I9 | F18: =Kostenarten!L9 | G18: =IF(Objekt!$C$9="Ja",D18*Objekt!$C$10,0) | H18: =D18+G18
B19: 5 | C19: =Kostenarten!C10 | D19: =Kostenarten!P10 | E19: =Kostenarten!I10 | F19: =Kostenarten!L10 | G19: =IF(Objekt!$C$9="Ja",D19*Objekt!$C$10,0) | H19: =D19+G19
B20: 6 | C20: =Kostenarten!C11 | D20: =Kostenarten!P11 | E20: =Kostenarten!I11 | F20: =Kostenarten!L11 | G20: =IF(Objekt!$C$9="Ja",D20*Objekt!$C$10,0) | H20: =D20+G20
B21: 7 | C21: =Kostenarten!C12 | D21: =Kostenarten!P12 | E21: =Kostenarten!I12 | F21: =Kostenarten!L12 | G21: =IF(Objekt!$C$9="Ja",D21*Objekt!$C$10,0) | H21: =D21+G21
B22: 8 | C22: =Kostenarten!C13 | D22: =Kostenarten!P13 | E22: =Kostenarten!I13 | F22: =Kostenarten!L13 | G22: =IF(Objekt!$C$9="Ja",D22*Objekt!$C$10,0) | H22: =D22+G22
B23: 9 | C23: =Kostenarten!C14 | D23: =Kostenarten!P14 | E23: =Kostenarten!I14 | F23: =Kostenarten!L14 | G23: =IF(Objekt!$C$9="Ja",D23*Objekt!$C$10,0) | H23: =D23+G23
B24: 10 | C24: =Kostenarten!C15 | D24: =Kostenarten!P15 | E24: =Kostenarten!I15 | F24: =Kostenarten!L15 | G24: =IF(Objekt!$C$9="Ja",D24*Objekt!$C$10,0) | H24: =D24+G24
B25: 11 | C25: =Kostenarten!C16 | D25: =Kostenarten!P16 | E25: =Kostenarten!I16 | F25: =Kostenarten!L16 | G25: =IF(Objekt!$C$9="Ja",D25*Objekt!$C$10,0) | H25: =D25+G25
B26: 12 | C26: =Kostenarten!C17 | D26: =Kostenarten!P17 | E26: =Kostenarten!I17 | F26: =Kostenarten!L17 | G26: =IF(Objekt!$C$9="Ja",D26*Objekt!$C$10,0) | H26: =D26+G26
... B45: 31 | C45: =Kostenarten!C36 | D45: =Kostenarten!P36 | E45: =Kostenarten!I36 | F45: =Kostenarten!L36 | G45: =IF(Objekt!$C$9="Ja",D45*Objekt!$C$10,0) | H45: =D45+G45
C46: Zwischensumme | D46: =SUM(D15:D45) | G46: =SUM(G15:G45) | H46: =SUM(H15:H45)
B48: Ergebnis
B49: Summe Anteil netto | C49: =D46
B50: zzgl. Umsatzsteuer | C50: =G46
B51: Summe brutto | C51: =H46
B52: abzgl. Vorauszahlungen brutto | C52: =Mieter!J8
B53: Nachzahlung / Guthaben (−) | C53: =C51-C52
B55: Einzelumlagen mit Zuordnung M1–M4 sind in der Summe enthalten.
B57: Erstellt am | C57: 46241
B58: Erstellt durch

Sheet Abr_Mieter4
B2: Nebenkostenabrechnung Gewerbe – Mieter 4
B3: Automatisch aus Objekt + Mieter + Kostenarten. Vor Versand prüfen.
B5: Objekt | C5: =Objekt!C5
B6: Mieter | C6: =Mieter!C9
B7: Einheit | C7: =Mieter!D9
B8: Zeitraum von | C8: =Objekt!C7
B9: Zeitraum bis | C9: =Objekt!C8
B10: Fläche m² | C10: =Mieter!E9
B11: Flächenanteil | C11: =Mieter!F9
B12: USt-Option | C12: =Objekt!C9
B14: Nr | C14: Kostenart | D14: Anteil Mieter netto € | E14: Schlüssel | F14: Anteil % | G14: USt € | H14: Brutto €
B15: 1 | C15: =Kostenarten!C6 | D15: =Kostenarten!Q6 | E15: =Kostenarten!I6 | F15: =Kostenarten!M6 | G15: =IF(Objekt!$C$9="Ja",D15*Objekt!$C$10,0) | H15: =D15+G15
B16: 2 | C16: =Kostenarten!C7 | D16: =Kostenarten!Q7 | E16: =Kostenarten!I7 | F16: =Kostenarten!M7 | G16: =IF(Objekt!$C$9="Ja",D16*Objekt!$C$10,0) | H16: =D16+G16
B17: 3 | C17: =Kostenarten!C8 | D17: =Kostenarten!Q8 | E17: =Kostenarten!I8 | F17: =Kostenarten!M8 | G17: =IF(Objekt!$C$9="Ja",D17*Objekt!$C$10,0) | H17: =D17+G17
B18: 4 | C18: =Kostenarten!C9 | D18: =Kostenarten!Q9 | E18: =Kostenarten!I9 | F18: =Kostenarten!M9 | G18: =IF(Objekt!$C$9="Ja",D18*Objekt!$C$10,0) | H18: =D18+G18
B19: 5 | C19: =Kostenarten!C10 | D19: =Kostenarten!Q10 | E19: =Kostenarten!I10 | F19: =Kostenarten!M10 | G19: =IF(Objekt!$C$9="Ja",D19*Objekt!$C$10,0) | H19: =D19+G19
B20: 6 | C20: =Kostenarten!C11 | D20: =Kostenarten!Q11 | E20: =Kostenarten!I11 | F20: =Kostenarten!M11 | G20: =IF(Objekt!$C$9="Ja",D20*Objekt!$C$10,0) | H20: =D20+G20
B21: 7 | C21: =Kostenarten!C12 | D21: =Kostenarten!Q12 | E21: =Kostenarten!I12 | F21: =Kostenarten!M12 | G21: =IF(Objekt!$C$9="Ja",D21*Objekt!$C$10,0) | H21: =D21+G21
B22: 8 | C22: =Kostenarten!C13 | D22: =Kostenarten!Q13 | E22: =Kostenarten!I13 | F22: =Kostenarten!M13 | G22: =IF(Objekt!$C$9="Ja",D22*Objekt!$C$10,0) | H22: =D22+G22
B23: 9 | C23: =Kostenarten!C14 | D23: =Kostenarten!Q14 | E23: =Kostenarten!I14 | F23: =Kostenarten!M14 | G23: =IF(Objekt!$C$9="Ja",D23*Objekt!$C$10,0) | H23: =D23+G23
B24: 10 | C24: =Kostenarten!C15 | D24: =Kostenarten!Q15 | E24: =Kostenarten!I15 | F24: =Kostenarten!M15 | G24: =IF(Objekt!$C$9="Ja",D24*Objekt!$C$10,0) | H24: =D24+G24
B25: 11 | C25: =Kostenarten!C16 | D25: =Kostenarten!Q16 | E25: =Kostenarten!I16 | F25: =Kostenarten!M16 | G25: =IF(Objekt!$C$9="Ja",D25*Objekt!$C$10,0) | H25: =D25+G25
B26: 12 | C26: =Kostenarten!C17 | D26: =Kostenarten!Q17 | E26: =Kostenarten!I17 | F26: =Kostenarten!M17 | G26: =IF(Objekt!$C$9="Ja",D26*Objekt!$C$10,0) | H26: =D26+G26
... B45: 31 | C45: =Kostenarten!C36 | D45: =Kostenarten!Q36 | E45: =Kostenarten!I36 | F45: =Kostenarten!M36 | G45: =IF(Objekt!$C$9="Ja",D45*Objekt!$C$10,0) | H45: =D45+G45
C46: Zwischensumme | D46: =SUM(D15:D45) | G46: =SUM(G15:G45) | H46: =SUM(H15:H45)
B48: Ergebnis
B49: Summe Anteil netto | C49: =D46
B50: zzgl. Umsatzsteuer | C50: =G46
B51: Summe brutto | C51: =H46
B52: abzgl. Vorauszahlungen brutto | C52: =Mieter!J9
B53: Nachzahlung / Guthaben (−) | C53: =C51-C52
B55: Einzelumlagen mit Zuordnung M1–M4 sind in der Summe enthalten.
B57: Erstellt am | C57: 46241
B58: Erstellt durch
