Workbook

Sheet Anleitung
B2: NEUE VERSION: 1 Objekt · 4 gewerbliche Mieter
B3: Stand 05.08.2026 – Dateiname: Nebenkostenabrechnung_Gewerbe_4_Mieter.xlsx
B4: Blätter: Anleitung | Uebersicht | Objekt | Mieter (4) | Vertrags-Matrix | Kostenarten | Abr_Mieter1–4
B5: 1. Objekt
B6: Im Blatt „Objekt“ Adresse, Abrechnungsjahr und USt-Option eintragen.
B8: 2. Mieter
B9: Die 4 gewerblichen Mieter mit Einheit, m², Vorauszahlung und Vertragsdaten pflegen. Flächenanteil wird automatisch berechnet.
B11: 3. Vertrags-Matrix
B12: Umlagefähigkeit laut Mietverträgen prüfen. Weichen Verträge ab, in der Spalte je Mieter vermerken.
B14: 4. Kostenarten
B15: Objekt-Jahreskosten netto erfassen. Bei Verbrauch: Anteile der 4 Mieter manuell setzen (müssen i. d. R. 100 % ergeben).
B17: 5. Abrechnungen
... B26: Mieter 4

Sheet Uebersicht
B1: VERSION 4 MIETER – bitte diese Datei verwenden
B2: Übersicht – Objekt mit 4 gewerblichen Mietern
B3: =Objekt!C5&" · "&TEXT(Objekt!C7,"DD.MM.YYYY")&" – "&TEXT(Objekt!C8,"DD.MM.YYYY")
B5: Nr | C5: Mieter | D5: Einheit | E5: m² | F5: Anteil | G5: VZ brutto € | H5: NK brutto € | I5: Saldo € | J5: Abrechnung
B6: 1 | C6: =Mieter!C6 | D6: =Mieter!D6 | E6: =Mieter!E6 | F6: =Mieter!F6 | G6: =Mieter!J6 | H6: ='Abr_Mieter1'!C43 | I6: ='Abr_Mieter1'!C45 | J6: Abr_Mieter1
B7: 2 | C7: =Mieter!C7 | D7: =Mieter!D7 | E7: =Mieter!E7 | F7: =Mieter!F7 | G7: =Mieter!J7 | H7: ='Abr_Mieter2'!C43 | I7: ='Abr_Mieter2'!C45 | J7: Abr_Mieter2
B8: 3 | C8: =Mieter!C8 | D8: =Mieter!D8 | E8: =Mieter!E8 | F8: =Mieter!F8 | G8: =Mieter!J8 | H8: ='Abr_Mieter3'!C43 | I8: ='Abr_Mieter3'!C45 | J8: Abr_Mieter3
B9: 4 | C9: =Mieter!C9 | D9: =Mieter!D9 | E9: =Mieter!E9 | F9: =Mieter!F9 | G9: =Mieter!J9 | H9: ='Abr_Mieter4'!C43 | I9: ='Abr_Mieter4'!C45 | J9: Abr_Mieter4
C10: SUMME | E10: =SUM(E6:E9) | F10: =SUM(F6:F9) | G10: =SUM(G6:G9) | H10: =SUM(H6:H9) | I10: =SUM(I6:I9)
B12: Checkliste vor Versand
B13: ☐ | C13: Alle 4 Mietverträge auf Umlagefähigkeit geprüft (Vertrags-Matrix M1–M4)
B14: ☐ | C14: Flächenanteile Summe = 100 %
B15: ☐ | C15: Verbrauchsanteile je Kostenart plausibel / Summe ≈ 100 %
B16: ☐ | C16: USt-Option korrekt, Nettoerfassung, Vorauszahlungen brutto
B17: ☐ | C17: Je Mieter Abrechnungsblatt geprüft und Versand dokumentiert
B19: Arbeitshilfe, keine Rechts-/Steuerberatung.

Sheet Objekt
B2: Objekt-Stammdaten
B3: Gemeinsam für alle 4 gewerblichen Mieter
B5: Objekt / Adresse | C5: Musterstraße 1, 80331 München
B6: Objektbezeichnung | C6: Gewerbeobjekt Musterhof
B7: Abrechnungszeitraum von | C7: 45658
B8: Abrechnungszeitraum bis | C8: 46022
B9: USt-Option Vermietung | C9: Ja
B10: USt-Satz | C10: 0.19
B11: Anzahl Mieter | C11: =COUNTA(Mieter!C6:C9)
B12: Gesamtfläche Abrechnungseinheit m² | C12: =SUM(Mieter!E6:E9)
B14: Hinweis: Gesamtfläche = Summe der Mieterflächen (Blatt Mieter). Leerstand separat behandeln.

Sheet Mieter
B2: Mieterübersicht – 4 gewerbliche Mieter
B3: Gelbe Felder pflegen. Flächenanteil und Vorauszahlungen werden berechnet.
B5: Nr | C5: Mieter / Firma | D5: Einheit | E5: Fläche m² | F5: Anteil % | G5: NK/Monat netto € | H5: Monate | I5: VZ Zeitraum netto € | J5: VZ brutto € | K5: Vertragsbeginn
B6: 1 | C6: Mieter 1 – Alpha Handel GmbH | D6: EG links / Laden | E6: 180 | F6: =IF(Objekt!$C$12=0,0,E6/Objekt!$C$12) | G6: 520 | H6: 12 | I6: =G6*H6 | J6: =IF(Objekt!$C$9="Ja",I6*(1+Objekt!$C$10),I6) | K6: 01.03.2022
B7: 2 | C7: Mieter 2 – Beta Services KG | D7: EG rechts / Büro | E7: 140 | F7: =IF(Objekt!$C$12=0,0,E7/Objekt!$C$12) | G7: 410 | H7: 12 | I7: =G7*H7 | J7: =IF(Objekt!$C$9="Ja",I7*(1+Objekt!$C$10),I7) | K7: 01.07.2023
B8: 3 | C8: Mieter 3 – Gamma Gastro GmbH | D8: 1. OG / Gastronomie | E8: 220 | F8: =IF(Objekt!$C$12=0,0,E8/Objekt!$C$12) | G8: 680 | H8: 12 | I8: =G8*H8 | J8: =IF(Objekt!$C$9="Ja",I8*(1+Objekt!$C$10),I8) | K8: 01.01.2021
B9: 4 | C9: Mieter 4 – Delta Praxis Dr. Muster | D9: 2. OG / Praxis | E9: 160 | F9: =IF(Objekt!$C$12=0,0,E9/Objekt!$C$12) | G9: 470 | H9: 12 | I9: =G9*H9 | J9: =IF(Objekt!$C$9="Ja",I9*(1+Objekt!$C$10),I9) | K9: 15.09.2024
C10: SUMME / Kontrolle | E10: =SUM(E6:E9) | F10: =SUM(F6:F9) | I10: =SUM(I6:I9) | J10: =SUM(J6:J9)
B12: Flächenanteile müssen in Summe 100 % ergeben (wenn nur diese 4 Mieter die Abrechnungseinheit bilden).

Sheet Vertrags-Matrix
B2: Vertrags-Matrix – Umlagefähigkeit je Kostenart
B3: Standard: Ja/Nein für alle. Weicht ein Mietvertrag ab, Spalte M1–M4 auf Nein setzen.
B5: Nr | C5: Kostenart | D5: Standard umlagefähig? | E5: M1 | F5: M2 | G5: M3 | H5: M4 | I5: Schlüssel | J5: Bemerkung
B6: 1 | C6: Grundsteuer | D6: Ja | E6: Ja | F6: Ja | G6: Ja | H6: Ja | I6: Fläche
B7: 2 | C7: Wasser / Abwasser | D7: Ja | E7: Ja | F7: Ja | G7: Ja | H7: Ja | I7: Verbrauch
B8: 3 | C8: Heizung / Warmwasser | D8: Ja | E8: Ja | F8: Ja | G8: Ja | H8: Ja | I8: Verbrauch
B9: 4 | C9: Straßenreinigung / Müll | D9: Ja | E9: Ja | F9: Ja | G9: Ja | H9: Ja | I9: Fläche
B10: 5 | C10: Gebäudeversicherung | D10: Ja | E10: Ja | F10: Ja | G10: Ja | H10: Ja | I10: Fläche
B11: 6 | C11: Haftpflicht Gebäude | D11: Ja | E11: Ja | F11: Ja | G11: Ja | H11: Ja | I11: Fläche
B12: 7 | C12: Hausmeister / Facility | D12: Ja | E12: Ja | F12: Ja | G12: Ja | H12: Ja | I12: Fläche
B13: 8 | C13: Gartenpflege / Außenanlagen | D13: Ja | E13: Ja | F13: Ja | G13: Ja | H13: Ja | I13: Fläche
B14: 9 | C14: Aufzug Wartung | D14: Ja | E14: Ja | F14: Ja | G14: Ja | H14: Ja | I14: Fläche
B15: 10 | C15: Aufzug Instandsetzung | D15: Nein | E15: Nein | F15: Nein | G15: Nein | H15: Nein | I15: Fläche
B16: 11 | C16: Klima- / Lüftungsanlage Wartung | D16: Ja | E16: Ja | F16: Ja | G16: Ja | H16: Ja | I16: Fläche
B17: 12 | C17: Brandschutz / Sicherheitstechnik | D17: Ja | E17: Ja | F17: Ja | G17: Ja | H17: Ja | I17: Fläche
... B28: 23 | C28: Finanzierung / Zinsen / AfA | D28: Nein | E28: Nein | F28: Nein | G28: Nein | H28: Nein | I28: Fläche

Sheet Kostenarten
B2: Kostenarten – Objektkosten und Aufteilung auf 4 Mieter
B3: Gesamtkosten netto erfassen. Bei Schlüssel Fläche: Anteile aus Mieterblatt. Bei Verbrauch: Anteile manuell (Summe ≈ 100 %).
B5: Nr | C5: Kostenart | D5: Umlagefähig? | E5: Gesamt netto € | F5: nicht umlagef. € | G5: Umlagefähig € | H5: Schlüssel | I5: Anteil M1 | J5: Anteil M2 | K5: Anteil M3 | L5: Anteil M4 | M5: Betrag M1 € | N5: Betrag M2 € | O5: Betrag M3 € | P5: Betrag M4 € | Q5: Beleg
B6: 1 | C6: Grundsteuer | D6: Ja | E6: 9600 | F6: 0 | G6: =IF(D6="Ja",MAX(0,E6-F6),0) | H6: Fläche | I6: =IF(H6="Fläche",Mieter!F6,0) | J6: =IF(H6="Fläche",Mieter!F7,0) | K6: =IF(H6="Fläche",Mieter!F8,0) | L6: =IF(H6="Fläche",Mieter!F9,0) | M6: =IF('Vertrags-Matrix'!E6="Ja",G6*I6,0) | N6: =IF('Vertrags-Matrix'!F6="Ja",G6*J6,0) | O6: =IF('Vertrags-Matrix'!G6="Ja",G6*K6,0) | P6: =IF('Vertrags-Matrix'!H6="Ja",G6*L6,0)
B7: 2 | C7: Wasser / Abwasser | D7: Ja | E7: 6400 | F7: 0 | G7: =IF(D7="Ja",MAX(0,E7-F7),0) | H7: Verbrauch | I7: 0.2 | J7: 0.15 | K7: 0.4 | L7: 0.25 | M7: =IF('Vertrags-Matrix'!E7="Ja",G7*I7,0) | N7: =IF('Vertrags-Matrix'!F7="Ja",G7*J7,0) | O7: =IF('Vertrags-Matrix'!G7="Ja",G7*K7,0) | P7: =IF('Vertrags-Matrix'!H7="Ja",G7*L7,0)
B8: 3 | C8: Heizung / Warmwasser | D8: Ja | E8: 28000 | F8: 0 | G8: =IF(D8="Ja",MAX(0,E8-F8),0) | H8: Verbrauch | I8: 0.22 | J8: 0.18 | K8: 0.35 | L8: 0.25 | M8: =IF('Vertrags-Matrix'!E8="Ja",G8*I8,0) | N8: =IF('Vertrags-Matrix'!F8="Ja",G8*J8,0) | O8: =IF('Vertrags-Matrix'!G8="Ja",G8*K8,0) | P8: =IF('Vertrags-Matrix'!H8="Ja",G8*L8,0)
B9: 4 | C9: Straßenreinigung / Müll | D9: Ja | E9: 4200 | F9: 0 | G9: =IF(D9="Ja",MAX(0,E9-F9),0) | H9: Fläche | I9: =IF(H9="Fläche",Mieter!F6,0) | J9: =IF(H9="Fläche",Mieter!F7,0) | K9: =IF(H9="Fläche",Mieter!F8,0) | L9: =IF(H9="Fläche",Mieter!F9,0) | M9: =IF('Vertrags-Matrix'!E9="Ja",G9*I9,0) | N9: =IF('Vertrags-Matrix'!F9="Ja",G9*J9,0) | O9: =IF('Vertrags-Matrix'!G9="Ja",G9*K9,0) | P9: =IF('Vertrags-Matrix'!H9="Ja",G9*L9,0)
B10: 5 | C10: Gebäudeversicherung | D10: Ja | E10: 7200 | F10: 0 | G10: =IF(D10="Ja",MAX(0,E10-F10),0) | H10: Fläche | I10: =IF(H10="Fläche",Mieter!F6,0) | J10: =IF(H10="Fläche",Mieter!F7,0) | K10: =IF(H10="Fläche",Mieter!F8,0) | L10: =IF(H10="Fläche",Mieter!F9,0) | M10: =IF('Vertrags-Matrix'!E10="Ja",G10*I10,0) | N10: =IF('Vertrags-Matrix'!F10="Ja",G10*J10,0) | O10: =IF('Vertrags-Matrix'!G10="Ja",G10*K10,0) | P10: =IF('Vertrags-Matrix'!H10="Ja",G10*L10,0)
B11: 6 | C11: Haftpflicht Gebäude | D11: Ja | E11: 1800 | F11: 0 | G11: =IF(D11="Ja",MAX(0,E11-F11),0) | H11: Fläche | I11: =IF(H11="Fläche",Mieter!F6,0) | J11: =IF(H11="Fläche",Mieter!F7,0) | K11: =IF(H11="Fläche",Mieter!F8,0) | L11: =IF(H11="Fläche",Mieter!F9,0) | M11: =IF('Vertrags-Matrix'!E11="Ja",G11*I11,0) | N11: =IF('Vertrags-Matrix'!F11="Ja",G11*J11,0) | O11: =IF('Vertrags-Matrix'!G11="Ja",G11*K11,0) | P11: =IF('Vertrags-Matrix'!H11="Ja",G11*L11,0)
B12: 7 | C12: Hausmeister / Facility | D12: Ja | E12: 16800 | F12: 0 | G12: =IF(D12="Ja",MAX(0,E12-F12),0) | H12: Fläche | I12: =IF(H12="Fläche",Mieter!F6,0) | J12: =IF(H12="Fläche",Mieter!F7,0) | K12: =IF(H12="Fläche",Mieter!F8,0) | L12: =IF(H12="Fläche",Mieter!F9,0) | M12: =IF('Vertrags-Matrix'!E12="Ja",G12*I12,0) | N12: =IF('Vertrags-Matrix'!F12="Ja",G12*J12,0) | O12: =IF('Vertrags-Matrix'!G12="Ja",G12*K12,0) | P12: =IF('Vertrags-Matrix'!H12="Ja",G12*L12,0)
B13: 8 | C13: Gartenpflege / Außenanlagen | D13: Ja | E13: 3600 | F13: 0 | G13: =IF(D13="Ja",MAX(0,E13-F13),0) | H13: Fläche | I13: =IF(H13="Fläche",Mieter!F6,0) | J13: =IF(H13="Fläche",Mieter!F7,0) | K13: =IF(H13="Fläche",Mieter!F8,0) | L13: =IF(H13="Fläche",Mieter!F9,0) | M13: =IF('Vertrags-Matrix'!E13="Ja",G13*I13,0) | N13: =IF('Vertrags-Matrix'!F13="Ja",G13*J13,0) | O13: =IF('Vertrags-Matrix'!G13="Ja",G13*K13,0) | P13: =IF('Vertrags-Matrix'!H13="Ja",G13*L13,0)
B14: 9 | C14: Aufzug Wartung | D14: Ja | E14: 4800 | F14: 0 | G14: =IF(D14="Ja",MAX(0,E14-F14),0) | H14: Fläche | I14: =IF(H14="Fläche",Mieter!F6,0) | J14: =IF(H14="Fläche",Mieter!F7,0) | K14: =IF(H14="Fläche",Mieter!F8,0) | L14: =IF(H14="Fläche",Mieter!F9,0) | M14: =IF('Vertrags-Matrix'!E14="Ja",G14*I14,0) | N14: =IF('Vertrags-Matrix'!F14="Ja",G14*J14,0) | O14: =IF('Vertrags-Matrix'!G14="Ja",G14*K14,0) | P14: =IF('Vertrags-Matrix'!H14="Ja",G14*L14,0)
B15: 10 | C15: Aufzug Instandsetzung | D15: Nein | E15: 0 | F15: 0 | G15: =IF(D15="Ja",MAX(0,E15-F15),0) | H15: Fläche | I15: 0 | J15: 0 | K15: 0 | L15: 0 | M15: =IF('Vertrags-Matrix'!E15="Ja",G15*I15,0) | N15: =IF('Vertrags-Matrix'!F15="Ja",G15*J15,0) | O15: =IF('Vertrags-Matrix'!G15="Ja",G15*K15,0) | P15: =IF('Vertrags-Matrix'!H15="Ja",G15*L15,0)
B16: 11 | C16: Klima- / Lüftungsanlage Wartung | D16: Ja | E16: 6200 | F16: 0 | G16: =IF(D16="Ja",MAX(0,E16-F16),0) | H16: Fläche | I16: =IF(H16="Fläche",Mieter!F6,0) | J16: =IF(H16="Fläche",Mieter!F7,0) | K16: =IF(H16="Fläche",Mieter!F8,0) | L16: =IF(H16="Fläche",Mieter!F9,0) | M16: =IF('Vertrags-Matrix'!E16="Ja",G16*I16,0) | N16: =IF('Vertrags-Matrix'!F16="Ja",G16*J16,0) | O16: =IF('Vertrags-Matrix'!G16="Ja",G16*K16,0) | P16: =IF('Vertrags-Matrix'!H16="Ja",G16*L16,0)
B17: 12 | C17: Brandschutz / Sicherheitstechnik | D17: Ja | E17: 3000 | F17: 0 | G17: =IF(D17="Ja",MAX(0,E17-F17),0) | H17: Fläche | I17: =IF(H17="Fläche",Mieter!F6,0) | J17: =IF(H17="Fläche",Mieter!F7,0) | K17: =IF(H17="Fläche",Mieter!F8,0) | L17: =IF(H17="Fläche",Mieter!F9,0) | M17: =IF('Vertrags-Matrix'!E17="Ja",G17*I17,0) | N17: =IF('Vertrags-Matrix'!F17="Ja",G17*J17,0) | O17: =IF('Vertrags-Matrix'!G17="Ja",G17*K17,0) | P17: =IF('Vertrags-Matrix'!H17="Ja",G17*L17,0)
B18: 13 | C18: Sicherheit / Bewachung | D18: Ja | E18: 12000 | F18: 0 | G18: =IF(D18="Ja",MAX(0,E18-F18),0) | H18: Fläche | I18: =IF(H18="Fläche",Mieter!F6,0) | J18: =IF(H18="Fläche",Mieter!F7,0) | K18: =IF(H18="Fläche",Mieter!F8,0) | L18: =IF(H18="Fläche",Mieter!F9,0) | M18: =IF('Vertrags-Matrix'!E18="Ja",G18*I18,0) | N18: =IF('Vertrags-Matrix'!F18="Ja",G18*J18,0) | O18: =IF('Vertrags-Matrix'!G18="Ja",G18*K18,0) | P18: =IF('Vertrags-Matrix'!H18="Ja",G18*L18,0)
B19: 14 | C19: Reinigung Gemeinschaftsflächen | D19: Ja | E19: 9600 | F19: 0 | G19: =IF(D19="Ja",MAX(0,E19-F19),0) | H19: Fläche | I19: =IF(H19="Fläche",Mieter!F6,0) | J19: =IF(H19="Fläche",Mieter!F7,0) | K19: =IF(H19="Fläche",Mieter!F8,0) | L19: =IF(H19="Fläche",Mieter!F9,0) | M19: =IF('Vertrags-Matrix'!E19="Ja",G19*I19,0) | N19: =IF('Vertrags-Matrix'!F19="Ja",G19*J19,0) | O19: =IF('Vertrags-Matrix'!G19="Ja",G19*K19,0) | P19: =IF('Vertrags-Matrix'!H19="Ja",G19*L19,0)
B20: 15 | C20: Beleuchtung Allgemein | D20: Ja | E20: 4400 | F20: 0 | G20: =IF(D20="Ja",MAX(0,E20-F20),0) | H20: Fläche | I20: =IF(H20="Fläche",Mieter!F6,0) | J20: =IF(H20="Fläche",Mieter!F7,0) | K20: =IF(H20="Fläche",Mieter!F8,0) | L20: =IF(H20="Fläche",Mieter!F9,0) | M20: =IF('Vertrags-Matrix'!E20="Ja",G20*I20,0) | N20: =IF('Vertrags-Matrix'!F20="Ja",G20*J20,0) | O20: =IF('Vertrags-Matrix'!G20="Ja",G20*K20,0) | P20: =IF('Vertrags-Matrix'!H20="Ja",G20*L20,0)
B21: 16 | C21: Niederschlagswasser | D21: Ja | E21: 1400 | F21: 0 | G21: =IF(D21="Ja",MAX(0,E21-F21),0) | H21: Fläche | I21: =IF(H21="Fläche",Mieter!F6,0) | J21: =IF(H21="Fläche",Mieter!F7,0) | K21: =IF(H21="Fläche",Mieter!F8,0) | L21: =IF(H21="Fläche",Mieter!F9,0) | M21: =IF('Vertrags-Matrix'!E21="Ja",G21*I21,0) | N21: =IF('Vertrags-Matrix'!F21="Ja",G21*J21,0) | O21: =IF('Vertrags-Matrix'!G21="Ja",G21*K21,0) | P21: =IF('Vertrags-Matrix'!H21="Ja",G21*L21,0)
B22: 17 | C22: Verwaltungskosten | D22: Ja | E22: 8400 | F22: 0 | G22: =IF(D22="Ja",MAX(0,E22-F22),0) | H22: Fläche | I22: =IF(H22="Fläche",Mieter!F6,0) | J22: =IF(H22="Fläche",Mieter!F7,0) | K22: =IF(H22="Fläche",Mieter!F8,0) | L22: =IF(H22="Fläche",Mieter!F9,0) | M22: =IF('Vertrags-Matrix'!E22="Ja",G22*I22,0) | N22: =IF('Vertrags-Matrix'!F22="Ja",G22*J22,0) | O22: =IF('Vertrags-Matrix'!G22="Ja",G22*K22,0) | P22: =IF('Vertrags-Matrix'!H22="Ja",G22*L22,0)
B23: 18 | C23: Werbegemeinschaft / Center-Umlage | D23: Nein | E23: 0 | F23: 0 | G23: =IF(D23="Ja",MAX(0,E23-F23),0) | H23: Fläche | I23: 0 | J23: 0 | K23: 0 | L23: 0 | M23: =IF('Vertrags-Matrix'!E23="Ja",G23*I23,0) | N23: =IF('Vertrags-Matrix'!F23="Ja",G23*J23,0) | O23: =IF('Vertrags-Matrix'!G23="Ja",G23*K23,0) | P23: =IF('Vertrags-Matrix'!H23="Ja",G23*L23,0)
B24: 19 | C24: Instandhaltung pauschal | D24: Nein | E24: 0 | F24: 0 | G24: =IF(D24="Ja",MAX(0,E24-F24),0) | H24: Fläche | I24: 0 | J24: 0 | K24: 0 | L24: 0 | M24: =IF('Vertrags-Matrix'!E24="Ja",G24*I24,0) | N24: =IF('Vertrags-Matrix'!F24="Ja",G24*J24,0) | O24: =IF('Vertrags-Matrix'!G24="Ja",G24*K24,0) | P24: =IF('Vertrags-Matrix'!H24="Ja",G24*L24,0)
B25: 20 | C25: Schornstein / Kehrgebühren | D25: Ja | E25: 700 | F25: 0 | G25: =IF(D25="Ja",MAX(0,E25-F25),0) | H25: Fläche | I25: =IF(H25="Fläche",Mieter!F6,0) | J25: =IF(H25="Fläche",Mieter!F7,0) | K25: =IF(H25="Fläche",Mieter!F8,0) | L25: =IF(H25="Fläche",Mieter!F9,0) | M25: =IF('Vertrags-Matrix'!E25="Ja",G25*I25,0) | N25: =IF('Vertrags-Matrix'!F25="Ja",G25*J25,0) | O25: =IF('Vertrags-Matrix'!G25="Ja",G25*K25,0) | P25: =IF('Vertrags-Matrix'!H25="Ja",G25*L25,0)
B26: 21 | C26: WEG-Hausgeld umlagefähiger Anteil | D26: Ja | E26: 0 | F26: 0 | G26: =IF(D26="Ja",MAX(0,E26-F26),0) | H26: Fläche | I26: =IF(H26="Fläche",Mieter!F6,0) | J26: =IF(H26="Fläche",Mieter!F7,0) | K26: =IF(H26="Fläche",Mieter!F8,0) | L26: =IF(H26="Fläche",Mieter!F9,0) | M26: =IF('Vertrags-Matrix'!E26="Ja",G26*I26,0) | N26: =IF('Vertrags-Matrix'!F26="Ja",G26*J26,0) | O26: =IF('Vertrags-Matrix'!G26="Ja",G26*K26,0) | P26: =IF('Vertrags-Matrix'!H26="Ja",G26*L26,0)
B27: 22 | C27: Leerstandsanteil | D27: Nein | E27: 0 | F27: 0 | G27: =IF(D27="Ja",MAX(0,E27-F27),0) | H27: Fläche | I27: 0 | J27: 0 | K27: 0 | L27: 0 | M27: =IF('Vertrags-Matrix'!E27="Ja",G27*I27,0) | N27: =IF('Vertrags-Matrix'!F27="Ja",G27*J27,0) | O27: =IF('Vertrags-Matrix'!G27="Ja",G27*K27,0) | P27: =IF('Vertrags-Matrix'!H27="Ja",G27*L27,0)
B28: 23 | C28: Finanzierung / Zinsen / AfA | D28: Nein | E28: 0 | F28: 0 | G28: =IF(D28="Ja",MAX(0,E28-F28),0) | H28: Fläche | I28: 0 | J28: 0 | K28: 0 | L28: 0 | M28: =IF('Vertrags-Matrix'!E28="Ja",G28*I28,0) | N28: =IF('Vertrags-Matrix'!F28="Ja",G28*J28,0) | O28: =IF('Vertrags-Matrix'!G28="Ja",G28*K28,0) | P28: =IF('Vertrags-Matrix'!H28="Ja",G28*L28,0)
C29: SUMME | E29: =SUM(E6:E28) | F29: =SUM(F6:F28) | G29: =SUM(G6:G28) | M29: =SUM(M6:M28) | N29: =SUM(N6:N28) | O29: =SUM(O6:O28) | P29: =SUM(P6:P28)
C30: Kontrolle Anteile (bei Fläche ≈ 100 %)
B31: Verbrauch manuell: Anteile M1–M4 überschreiben (z. B. 0,20 = 20 %). Fläche läuft über Mieterblatt. Vertrags-Matrix „Nein“ setzt Betrag des Mieters auf 0.

Sheet Abr_Mieter1
B2: Nebenkostenabrechnung Gewerbe – Mieter 1
B3: Automatisch aus Objekt + Mieter + Kostenarten. Vor Versand prüfen.
B5: Objekt | C5: =Objekt!C5
B6: Mieter | C6: =Mieter!C6
B7: Einheit | C7: =Mieter!D6
B8: Zeitraum von | C8: =Objekt!C7
B9: Zeitraum bis | C9: =Objekt!C8
B10: Fläche m² | C10: =Mieter!E6
B11: Flächenanteil | C11: =Mieter!F6
B12: USt-Option | C12: =Objekt!C9
B14: Nr | C14: Kostenart | D14: Anteil Mieter netto € | E14: Schlüssel | F14: Anteil % | G14: USt € | H14: Brutto €
B15: 1 | C15: =Kostenarten!C6 | D15: =Kostenarten!M6 | E15: =Kostenarten!H6 | F15: =Kostenarten!I6 | G15: =IF(Objekt!$C$9="Ja",D15*Objekt!$C$10,0) | H15: =D15+G15
B16: 2 | C16: =Kostenarten!C7 | D16: =Kostenarten!M7 | E16: =Kostenarten!H7 | F16: =Kostenarten!I7 | G16: =IF(Objekt!$C$9="Ja",D16*Objekt!$C$10,0) | H16: =D16+G16
B17: 3 | C17: =Kostenarten!C8 | D17: =Kostenarten!M8 | E17: =Kostenarten!H8 | F17: =Kostenarten!I8 | G17: =IF(Objekt!$C$9="Ja",D17*Objekt!$C$10,0) | H17: =D17+G17
B18: 4 | C18: =Kostenarten!C9 | D18: =Kostenarten!M9 | E18: =Kostenarten!H9 | F18: =Kostenarten!I9 | G18: =IF(Objekt!$C$9="Ja",D18*Objekt!$C$10,0) | H18: =D18+G18
B19: 5 | C19: =Kostenarten!C10 | D19: =Kostenarten!M10 | E19: =Kostenarten!H10 | F19: =Kostenarten!I10 | G19: =IF(Objekt!$C$9="Ja",D19*Objekt!$C$10,0) | H19: =D19+G19
B20: 6 | C20: =Kostenarten!C11 | D20: =Kostenarten!M11 | E20: =Kostenarten!H11 | F20: =Kostenarten!I11 | G20: =IF(Objekt!$C$9="Ja",D20*Objekt!$C$10,0) | H20: =D20+G20
B21: 7 | C21: =Kostenarten!C12 | D21: =Kostenarten!M12 | E21: =Kostenarten!H12 | F21: =Kostenarten!I12 | G21: =IF(Objekt!$C$9="Ja",D21*Objekt!$C$10,0) | H21: =D21+G21
B22: 8 | C22: =Kostenarten!C13 | D22: =Kostenarten!M13 | E22: =Kostenarten!H13 | F22: =Kostenarten!I13 | G22: =IF(Objekt!$C$9="Ja",D22*Objekt!$C$10,0) | H22: =D22+G22
B23: 9 | C23: =Kostenarten!C14 | D23: =Kostenarten!M14 | E23: =Kostenarten!H14 | F23: =Kostenarten!I14 | G23: =IF(Objekt!$C$9="Ja",D23*Objekt!$C$10,0) | H23: =D23+G23
B24: 10 | C24: =Kostenarten!C15 | D24: =Kostenarten!M15 | E24: =Kostenarten!H15 | F24: =Kostenarten!I15 | G24: =IF(Objekt!$C$9="Ja",D24*Objekt!$C$10,0) | H24: =D24+G24
B25: 11 | C25: =Kostenarten!C16 | D25: =Kostenarten!M16 | E25: =Kostenarten!H16 | F25: =Kostenarten!I16 | G25: =IF(Objekt!$C$9="Ja",D25*Objekt!$C$10,0) | H25: =D25+G25
B26: 12 | C26: =Kostenarten!C17 | D26: =Kostenarten!M17 | E26: =Kostenarten!H17 | F26: =Kostenarten!I17 | G26: =IF(Objekt!$C$9="Ja",D26*Objekt!$C$10,0) | H26: =D26+G26
... B37: 23 | C37: =Kostenarten!C28 | D37: =Kostenarten!M28 | E37: =Kostenarten!H28 | F37: =Kostenarten!I28 | G37: =IF(Objekt!$C$9="Ja",D37*Objekt!$C$10,0) | H37: =D37+G37
C38: Zwischensumme | D38: =SUM(D15:D37) | G38: =SUM(G15:G37) | H38: =SUM(H15:H37)
B40: Ergebnis
B41: Summe Anteil netto | C41: =D38
B42: zzgl. Umsatzsteuer | C42: =G38
B43: Summe brutto | C43: =H38
B44: abzgl. Vorauszahlungen brutto | C44: =Mieter!J6
B45: Nachzahlung / Guthaben (−) | C45: =C43-C44
B47: Positiv = Nachzahlung · Negativ = Guthaben
B49: Erstellt am | C49: 46239
B50: Erstellt durch

Sheet Abr_Mieter2
B2: Nebenkostenabrechnung Gewerbe – Mieter 2
B3: Automatisch aus Objekt + Mieter + Kostenarten. Vor Versand prüfen.
B5: Objekt | C5: =Objekt!C5
B6: Mieter | C6: =Mieter!C7
B7: Einheit | C7: =Mieter!D7
B8: Zeitraum von | C8: =Objekt!C7
B9: Zeitraum bis | C9: =Objekt!C8
B10: Fläche m² | C10: =Mieter!E7
B11: Flächenanteil | C11: =Mieter!F7
B12: USt-Option | C12: =Objekt!C9
B14: Nr | C14: Kostenart | D14: Anteil Mieter netto € | E14: Schlüssel | F14: Anteil % | G14: USt € | H14: Brutto €
B15: 1 | C15: =Kostenarten!C6 | D15: =Kostenarten!N6 | E15: =Kostenarten!H6 | F15: =Kostenarten!J6 | G15: =IF(Objekt!$C$9="Ja",D15*Objekt!$C$10,0) | H15: =D15+G15
B16: 2 | C16: =Kostenarten!C7 | D16: =Kostenarten!N7 | E16: =Kostenarten!H7 | F16: =Kostenarten!J7 | G16: =IF(Objekt!$C$9="Ja",D16*Objekt!$C$10,0) | H16: =D16+G16
B17: 3 | C17: =Kostenarten!C8 | D17: =Kostenarten!N8 | E17: =Kostenarten!H8 | F17: =Kostenarten!J8 | G17: =IF(Objekt!$C$9="Ja",D17*Objekt!$C$10,0) | H17: =D17+G17
B18: 4 | C18: =Kostenarten!C9 | D18: =Kostenarten!N9 | E18: =Kostenarten!H9 | F18: =Kostenarten!J9 | G18: =IF(Objekt!$C$9="Ja",D18*Objekt!$C$10,0) | H18: =D18+G18
B19: 5 | C19: =Kostenarten!C10 | D19: =Kostenarten!N10 | E19: =Kostenarten!H10 | F19: =Kostenarten!J10 | G19: =IF(Objekt!$C$9="Ja",D19*Objekt!$C$10,0) | H19: =D19+G19
B20: 6 | C20: =Kostenarten!C11 | D20: =Kostenarten!N11 | E20: =Kostenarten!H11 | F20: =Kostenarten!J11 | G20: =IF(Objekt!$C$9="Ja",D20*Objekt!$C$10,0) | H20: =D20+G20
B21: 7 | C21: =Kostenarten!C12 | D21: =Kostenarten!N12 | E21: =Kostenarten!H12 | F21: =Kostenarten!J12 | G21: =IF(Objekt!$C$9="Ja",D21*Objekt!$C$10,0) | H21: =D21+G21
B22: 8 | C22: =Kostenarten!C13 | D22: =Kostenarten!N13 | E22: =Kostenarten!H13 | F22: =Kostenarten!J13 | G22: =IF(Objekt!$C$9="Ja",D22*Objekt!$C$10,0) | H22: =D22+G22
B23: 9 | C23: =Kostenarten!C14 | D23: =Kostenarten!N14 | E23: =Kostenarten!H14 | F23: =Kostenarten!J14 | G23: =IF(Objekt!$C$9="Ja",D23*Objekt!$C$10,0) | H23: =D23+G23
B24: 10 | C24: =Kostenarten!C15 | D24: =Kostenarten!N15 | E24: =Kostenarten!H15 | F24: =Kostenarten!J15 | G24: =IF(Objekt!$C$9="Ja",D24*Objekt!$C$10,0) | H24: =D24+G24
B25: 11 | C25: =Kostenarten!C16 | D25: =Kostenarten!N16 | E25: =Kostenarten!H16 | F25: =Kostenarten!J16 | G25: =IF(Objekt!$C$9="Ja",D25*Objekt!$C$10,0) | H25: =D25+G25
B26: 12 | C26: =Kostenarten!C17 | D26: =Kostenarten!N17 | E26: =Kostenarten!H17 | F26: =Kostenarten!J17 | G26: =IF(Objekt!$C$9="Ja",D26*Objekt!$C$10,0) | H26: =D26+G26
... B37: 23 | C37: =Kostenarten!C28 | D37: =Kostenarten!N28 | E37: =Kostenarten!H28 | F37: =Kostenarten!J28 | G37: =IF(Objekt!$C$9="Ja",D37*Objekt!$C$10,0) | H37: =D37+G37
C38: Zwischensumme | D38: =SUM(D15:D37) | G38: =SUM(G15:G37) | H38: =SUM(H15:H37)
B40: Ergebnis
B41: Summe Anteil netto | C41: =D38
B42: zzgl. Umsatzsteuer | C42: =G38
B43: Summe brutto | C43: =H38
B44: abzgl. Vorauszahlungen brutto | C44: =Mieter!J7
B45: Nachzahlung / Guthaben (−) | C45: =C43-C44
B47: Positiv = Nachzahlung · Negativ = Guthaben
B49: Erstellt am | C49: 46239
B50: Erstellt durch

Sheet Abr_Mieter3
B2: Nebenkostenabrechnung Gewerbe – Mieter 3
B3: Automatisch aus Objekt + Mieter + Kostenarten. Vor Versand prüfen.
B5: Objekt | C5: =Objekt!C5
B6: Mieter | C6: =Mieter!C8
B7: Einheit | C7: =Mieter!D8
B8: Zeitraum von | C8: =Objekt!C7
B9: Zeitraum bis | C9: =Objekt!C8
B10: Fläche m² | C10: =Mieter!E8
B11: Flächenanteil | C11: =Mieter!F8
B12: USt-Option | C12: =Objekt!C9
B14: Nr | C14: Kostenart | D14: Anteil Mieter netto € | E14: Schlüssel | F14: Anteil % | G14: USt € | H14: Brutto €
B15: 1 | C15: =Kostenarten!C6 | D15: =Kostenarten!O6 | E15: =Kostenarten!H6 | F15: =Kostenarten!K6 | G15: =IF(Objekt!$C$9="Ja",D15*Objekt!$C$10,0) | H15: =D15+G15
B16: 2 | C16: =Kostenarten!C7 | D16: =Kostenarten!O7 | E16: =Kostenarten!H7 | F16: =Kostenarten!K7 | G16: =IF(Objekt!$C$9="Ja",D16*Objekt!$C$10,0) | H16: =D16+G16
B17: 3 | C17: =Kostenarten!C8 | D17: =Kostenarten!O8 | E17: =Kostenarten!H8 | F17: =Kostenarten!K8 | G17: =IF(Objekt!$C$9="Ja",D17*Objekt!$C$10,0) | H17: =D17+G17
B18: 4 | C18: =Kostenarten!C9 | D18: =Kostenarten!O9 | E18: =Kostenarten!H9 | F18: =Kostenarten!K9 | G18: =IF(Objekt!$C$9="Ja",D18*Objekt!$C$10,0) | H18: =D18+G18
B19: 5 | C19: =Kostenarten!C10 | D19: =Kostenarten!O10 | E19: =Kostenarten!H10 | F19: =Kostenarten!K10 | G19: =IF(Objekt!$C$9="Ja",D19*Objekt!$C$10,0) | H19: =D19+G19
B20: 6 | C20: =Kostenarten!C11 | D20: =Kostenarten!O11 | E20: =Kostenarten!H11 | F20: =Kostenarten!K11 | G20: =IF(Objekt!$C$9="Ja",D20*Objekt!$C$10,0) | H20: =D20+G20
B21: 7 | C21: =Kostenarten!C12 | D21: =Kostenarten!O12 | E21: =Kostenarten!H12 | F21: =Kostenarten!K12 | G21: =IF(Objekt!$C$9="Ja",D21*Objekt!$C$10,0) | H21: =D21+G21
B22: 8 | C22: =Kostenarten!C13 | D22: =Kostenarten!O13 | E22: =Kostenarten!H13 | F22: =Kostenarten!K13 | G22: =IF(Objekt!$C$9="Ja",D22*Objekt!$C$10,0) | H22: =D22+G22
B23: 9 | C23: =Kostenarten!C14 | D23: =Kostenarten!O14 | E23: =Kostenarten!H14 | F23: =Kostenarten!K14 | G23: =IF(Objekt!$C$9="Ja",D23*Objekt!$C$10,0) | H23: =D23+G23
B24: 10 | C24: =Kostenarten!C15 | D24: =Kostenarten!O15 | E24: =Kostenarten!H15 | F24: =Kostenarten!K15 | G24: =IF(Objekt!$C$9="Ja",D24*Objekt!$C$10,0) | H24: =D24+G24
B25: 11 | C25: =Kostenarten!C16 | D25: =Kostenarten!O16 | E25: =Kostenarten!H16 | F25: =Kostenarten!K16 | G25: =IF(Objekt!$C$9="Ja",D25*Objekt!$C$10,0) | H25: =D25+G25
B26: 12 | C26: =Kostenarten!C17 | D26: =Kostenarten!O17 | E26: =Kostenarten!H17 | F26: =Kostenarten!K17 | G26: =IF(Objekt!$C$9="Ja",D26*Objekt!$C$10,0) | H26: =D26+G26
... B37: 23 | C37: =Kostenarten!C28 | D37: =Kostenarten!O28 | E37: =Kostenarten!H28 | F37: =Kostenarten!K28 | G37: =IF(Objekt!$C$9="Ja",D37*Objekt!$C$10,0) | H37: =D37+G37
C38: Zwischensumme | D38: =SUM(D15:D37) | G38: =SUM(G15:G37) | H38: =SUM(H15:H37)
B40: Ergebnis
B41: Summe Anteil netto | C41: =D38
B42: zzgl. Umsatzsteuer | C42: =G38
B43: Summe brutto | C43: =H38
B44: abzgl. Vorauszahlungen brutto | C44: =Mieter!J8
B45: Nachzahlung / Guthaben (−) | C45: =C43-C44
B47: Positiv = Nachzahlung · Negativ = Guthaben
B49: Erstellt am | C49: 46239
B50: Erstellt durch

Sheet Abr_Mieter4
B2: Nebenkostenabrechnung Gewerbe – Mieter 4
B3: Automatisch aus Objekt + Mieter + Kostenarten. Vor Versand prüfen.
B5: Objekt | C5: =Objekt!C5
B6: Mieter | C6: =Mieter!C9
B7: Einheit | C7: =Mieter!D9
B8: Zeitraum von | C8: =Objekt!C7
B9: Zeitraum bis | C9: =Objekt!C8
B10: Fläche m² | C10: =Mieter!E9
B11: Flächenanteil | C11: =Mieter!F9
B12: USt-Option | C12: =Objekt!C9
B14: Nr | C14: Kostenart | D14: Anteil Mieter netto € | E14: Schlüssel | F14: Anteil % | G14: USt € | H14: Brutto €
B15: 1 | C15: =Kostenarten!C6 | D15: =Kostenarten!P6 | E15: =Kostenarten!H6 | F15: =Kostenarten!L6 | G15: =IF(Objekt!$C$9="Ja",D15*Objekt!$C$10,0) | H15: =D15+G15
B16: 2 | C16: =Kostenarten!C7 | D16: =Kostenarten!P7 | E16: =Kostenarten!H7 | F16: =Kostenarten!L7 | G16: =IF(Objekt!$C$9="Ja",D16*Objekt!$C$10,0) | H16: =D16+G16
B17: 3 | C17: =Kostenarten!C8 | D17: =Kostenarten!P8 | E17: =Kostenarten!H8 | F17: =Kostenarten!L8 | G17: =IF(Objekt!$C$9="Ja",D17*Objekt!$C$10,0) | H17: =D17+G17
B18: 4 | C18: =Kostenarten!C9 | D18: =Kostenarten!P9 | E18: =Kostenarten!H9 | F18: =Kostenarten!L9 | G18: =IF(Objekt!$C$9="Ja",D18*Objekt!$C$10,0) | H18: =D18+G18
B19: 5 | C19: =Kostenarten!C10 | D19: =Kostenarten!P10 | E19: =Kostenarten!H10 | F19: =Kostenarten!L10 | G19: =IF(Objekt!$C$9="Ja",D19*Objekt!$C$10,0) | H19: =D19+G19
B20: 6 | C20: =Kostenarten!C11 | D20: =Kostenarten!P11 | E20: =Kostenarten!H11 | F20: =Kostenarten!L11 | G20: =IF(Objekt!$C$9="Ja",D20*Objekt!$C$10,0) | H20: =D20+G20
B21: 7 | C21: =Kostenarten!C12 | D21: =Kostenarten!P12 | E21: =Kostenarten!H12 | F21: =Kostenarten!L12 | G21: =IF(Objekt!$C$9="Ja",D21*Objekt!$C$10,0) | H21: =D21+G21
B22: 8 | C22: =Kostenarten!C13 | D22: =Kostenarten!P13 | E22: =Kostenarten!H13 | F22: =Kostenarten!L13 | G22: =IF(Objekt!$C$9="Ja",D22*Objekt!$C$10,0) | H22: =D22+G22
B23: 9 | C23: =Kostenarten!C14 | D23: =Kostenarten!P14 | E23: =Kostenarten!H14 | F23: =Kostenarten!L14 | G23: =IF(Objekt!$C$9="Ja",D23*Objekt!$C$10,0) | H23: =D23+G23
B24: 10 | C24: =Kostenarten!C15 | D24: =Kostenarten!P15 | E24: =Kostenarten!H15 | F24: =Kostenarten!L15 | G24: =IF(Objekt!$C$9="Ja",D24*Objekt!$C$10,0) | H24: =D24+G24
B25: 11 | C25: =Kostenarten!C16 | D25: =Kostenarten!P16 | E25: =Kostenarten!H16 | F25: =Kostenarten!L16 | G25: =IF(Objekt!$C$9="Ja",D25*Objekt!$C$10,0) | H25: =D25+G25
B26: 12 | C26: =Kostenarten!C17 | D26: =Kostenarten!P17 | E26: =Kostenarten!H17 | F26: =Kostenarten!L17 | G26: =IF(Objekt!$C$9="Ja",D26*Objekt!$C$10,0) | H26: =D26+G26
... B37: 23 | C37: =Kostenarten!C28 | D37: =Kostenarten!P28 | E37: =Kostenarten!H28 | F37: =Kostenarten!L28 | G37: =IF(Objekt!$C$9="Ja",D37*Objekt!$C$10,0) | H37: =D37+G37
C38: Zwischensumme | D38: =SUM(D15:D37) | G38: =SUM(G15:G37) | H38: =SUM(H15:H37)
B40: Ergebnis
B41: Summe Anteil netto | C41: =D38
B42: zzgl. Umsatzsteuer | C42: =G38
B43: Summe brutto | C43: =H38
B44: abzgl. Vorauszahlungen brutto | C44: =Mieter!J9
B45: Nachzahlung / Guthaben (−) | C45: =C43-C44
B47: Positiv = Nachzahlung · Negativ = Guthaben
B49: Erstellt am | C49: 46239
B50: Erstellt durch
